epoch,update_loss,train_loss,train_acc,val_loss,val_acc
1,0.47166764679409207,0.3413684260277521,0.8875,0.3784260988235474,0.8861111111111111
2,0.3492471240815662,0.31818328613326663,0.9,0.3484647293885549,0.9111111111111111
3,0.32356865122204737,0.2975574093205588,0.924404761904762,0.32126621736420524,0.925
4,0.31500378449757893,0.2878595880099705,0.930952380952381,0.3178376065360175,0.9194444444444444
5,0.3063355241503034,0.28689435039247785,0.9238095238095239,0.3180879480308957,0.9194444444444444
6,0.2994852812517257,0.29806404681432813,0.9041666666666667,0.33943473166889615,0.9083333333333333
7,0.29395942347390314,0.27527383055005755,0.9285714285714286,0.30902837183740406,0.9166666666666666
8,0.29441192547480266,0.27020033200581867,0.9321428571428572,0.2873627490467495,0.9305555555555556
9,0.2810556459994543,0.2650290182658604,0.9357142857142857,0.29657164878315395,0.9416666666666667
10,0.287793546347391,0.2690958008879707,0.9261904761904762,0.30491321219338313,0.9111111111111111
11,0.2784177297637576,0.25979223960921877,0.9321428571428572,0.27963888578944734,0.9388888888888889
12,0.2759001950422923,0.26095435108457293,0.9333333333333333,0.28717746072345307,0.9388888888888889
13,0.2706846824714116,0.2618756441842942,0.9232142857142858,0.2776381876733568,0.9305555555555556
14,0.26818278701532455,0.2568552959532965,0.9285714285714286,0.27301608390278287,0.9333333333333333
15,0.2753761308533805,0.26881966392199197,0.9255952380952381,0.294381492667728,0.9277777777777778
16,0.2685709107489813,0.25020665043876283,0.9351190476190476,0.27247833675808375,0.9333333333333333
17,0.263215870374725,0.246241067137037,0.9327380952380953,0.26226706703503927,0.9277777777777778
18,0.2605522912173044,0.24203118568374998,0.9357142857142857,0.2762738625208537,0.9277777777777778
19,0.25834088722864784,0.2471024533112844,0.9404761904761905,0.2762566738658481,0.9361111111111111
20,0.2559336240092913,0.24928808155513946,0.9327380952380953,0.2607909454239739,0.9361111111111111
21,0.2590310430242902,0.2408008758510862,0.9351190476190476,0.26762515174018014,0.9333333333333333
22,0.2507979454738753,0.24462730685869852,0.9351190476190476,0.26228837768236796,0.9333333333333333
23,0.25132503452755156,0.23486284940015703,0.9410714285714286,0.26601628131336635,0.9333333333333333
24,0.25173710130509874,0.24142595245724632,0.9321428571428572,0.274016805489858,0.9333333333333333
25,0.2541096605005718,0.23499491328284855,0.9380952380952381,0.26444194780455693,0.9333333333333333
26,0.25357019447145007,0.23698979119459787,0.9375,0.2519212312168545,0.9388888888888889
27,0.24648488958676656,0.2307134012381236,0.9410714285714286,0.25018400616115993,0.9388888888888889
28,0.24594584646679107,0.2353547692298889,0.9375,0.25447883605957033,0.9305555555555556
29,0.2442159516470773,0.23828278950282505,0.9363095238095238,0.28360432849989997,0.9305555555555556
30,0.24928923703375316,0.22949481294268653,0.9434523809523809,0.2527350823084513,0.9416666666666667
31,0.23807445892265866,0.233391543229421,0.9369047619047619,0.2679828829235501,0.9388888888888889
32,0.23753693983668372,0.24872925778230032,0.9345238095238095,0.28954641421635946,0.9333333333333333
33,0.25086371515478406,0.23919047457831247,0.9380952380952381,0.2783128221829732,0.9333333333333333
34,0.2495075008698872,0.2289851209947041,0.9375,0.2617978102631039,0.9361111111111111
35,0.24531683205139068,0.22966798160757337,0.9428571428571428,0.26242604586813184,0.9388888888888889
36,0.24647878947712126,0.2318051237435568,0.9404761904761905,0.2594363980823093,0.9388888888888889
37,0.24827819267908732,0.2402244474206652,0.9380952380952381,0.2729103293683794,0.9361111111111111
38,0.24049945927801586,0.23162057243642353,0.9363095238095238,0.2547193209330241,0.9361111111111111
39,0.2469474589540845,0.23707582439695085,0.9345238095238095,0.2744433813624912,0.9333333333333333
40,0.2424095590909322,0.22856454806668416,0.9398809523809524,0.2556129256884257,0.9361111111111111
