angle_rad,input_x,input_y,output_x,output_y
0.0,1.0,0.0,4.0,-3.0
0.017453292519943295,0.9998476951563913,0.01745240643728351,4.069200406374699,-2.9471858661573234
0.03490658503988659,0.9993908270190958,0.03489949670250097,4.137161294886387,-2.893473990949784
0.05235987755982988,0.9986295347545738,0.05233595624294383,4.203861963990071,-2.83888073553489
0.06981317007977318,0.9975640502598242,0.0697564737441253,4.2692820960157984,-2.7834227295470964
0.08726646259971647,0.9961946980917455,0.08715574274765817,4.333401763357615,-2.7271168660322624
0.10471975511965977,0.9945218953682733,0.10452846326765346,4.396201434543707,-2.6699802963018593
0.12217304763960307,0.992546151641322,0.12186934340514748,4.457661980185878,-2.6120304247085233
0.13962634015954636,0.9902680687415704,0.13917310096006544,4.517764678806543,-2.553284903344515
0.15707963267948966,0.9876883405951378,0.15643446504023087,4.576491222541475,-2.4937616266647207
0.17453292519943295,0.984807753012208,0.17364817766693033,4.633823722716554,-2.433478726035833
0.19198621771937624,0.981627183447664,0.1908089953765448,4.689744715296835,-2.3724545642133577
0.20943951023931953,0.9781476007338057,0.20791169081775931,4.74423716620626,-2.310707729748139
0.22689280275926285,0.9743700647852352,0.224951054343865,4.797284476516401,-2.2482570313241106
0.24434609527920614,0.9702957262759965,0.24192189559966773,4.848870487502657,-2.185121492028986
0.2617993877991494,0.9659258262890683,0.25881904510252074,4.898979485566356,-2.121320343559643
0.2792526803190927,0.9612616959383189,0.27563735581699916,4.947596207021272,-2.056873020363959
0.29670597283903605,0.9563047559630354,0.29237170472273677,4.994705842743089,-1.9917991537208959
0.3141592653589793,0.9510565162951535,0.3090169943749474,5.0402940426804035,-1.9261185657606184
0.3316125578789226,0.9455185755993168,0.32556815445715664,5.084346920225894,-1.8598512634264805
0.3490658503988659,0.9396926207859084,0.3420201433256687,5.126851056446308,-1.793017432380719
0.3665191429188092,0.9335804264972017,0.35836794954530027,5.1677935041700085,-1.7256374308557045
0.3839724354387525,0.9271838545667874,0.374606593415912,5.2071617919307975,-1.6577317834526262
0.40142572795869574,0.9205048534524404,0.3907311284892737,5.244943927766856,-1.5893211748894998
0.41887902047863906,0.9135454576426009,0.40673664307580015,5.281128402873604,-1.5204264437004023
0.4363323129985824,0.9063077870366499,0.42261826174069944,5.315704195109397,-1.4510685758878514
0.4537856055185257,0.898794046299167,0.4383711467890774,5.348660772352978,-1.3812686985302691
0.47123889803846897,0.8910065241883679,0.45399049973954675,5.379988095711658,-1.3110480733464636
0.4886921905584123,0.882947592858927,0.4694715627858908,5.409676622579271,-1.2404280902191085
0.5061454830783556,0.8746197071393957,0.48480962024633706,5.437717309542931,-1.1694302606791758
0.5235987755982988,0.8660254037844387,0.49999999999999994,5.464101615137754,-1.0980762113533162
0.5410520681182421,0.8571673007021123,0.5150380749100542,5.4888215024486655,-1.0263876773761744
0.5585053606381855,0.848048096156426,0.5299192642332049,5.511869441558524,-0.9543864957696633
0.5759586531581288,0.838670567945424,0.5446390350150271,5.533238411841804,-0.8820945987911908
0.5934119456780721,0.8290375725550417,0.5591929034707469,5.552921904103155,-0.8095340072528847
0.6108652381980153,0.8191520442889918,0.573576436351046,5.570913922560152,-0.7367268238138371
0.6283185307179586,0.8090169943749475,0.5877852522924731,5.587208986669682,-0.6636952262474229
0.6457718232379019,0.7986355100472928,0.6018150231520483,5.601802132797364,-0.5904614606857337
0.6632251157578452,0.788010753606722,0.6156614753256582,5.614688915729521,-0.5170478348431917
0.6806784082777885,0.7771459614569709,0.6293203910498374,5.625865410027233,-0.4434767112214004
0.6981317007977318,0.766044443118978,0.6427876096865393,5.635328211222069,-0.3697705002973164
0.715584993317675,0.754709580222772,0.6560590289905072,5.643074436853117,-0.29595165369679455
0.7330382858376184,0.7431448254773942,0.6691306063588582,5.64910172734501,-0.22204265735560824
0.7504915783575616,0.7313537016191706,0.6819983600624985,5.653408246726676,-0.14806602467001628
0.767944870877505,0.7193398003386512,0.6946583704589973,5.655992683190593,-0.07404428963896192
0.7853981633974483,0.7071067811865476,0.7071067811865476,5.656854249492381,0.0
0.8028514559173915,0.6946583704589974,0.7193398003386511,5.655992683190593,0.07404428963896104
0.8203047484373349,0.6819983600624985,0.7313537016191705,5.653408246726675,0.14806602467001628
0.8377580409572781,0.6691306063588582,0.7431448254773941,5.649101727345009,0.2220426573556078
0.8552113334772214,0.6560590289905073,0.754709580222772,5.643074436853118,0.2959516536967941
0.8726646259971648,0.6427876096865394,0.766044443118978,5.6353282112220695,0.36977050029731595
0.890117918517108,0.6293203910498375,0.7771459614569708,5.625865410027233,0.44347671122139976
0.9075712110370514,0.6156614753256583,0.788010753606722,5.614688915729522,0.5170478348431913
0.9250245035569946,0.6018150231520484,0.7986355100472928,5.601802132797365,0.5904614606857335
0.9424777960769379,0.5877852522924731,0.8090169943749475,5.587208986669682,0.6636952262474229
0.9599310885968813,0.573576436351046,0.8191520442889918,5.570913922560152,0.7367268238138371
0.9773843811168246,0.5591929034707468,0.8290375725550417,5.552921904103155,0.8095340072528849
0.9948376736367678,0.5446390350150272,0.8386705679454239,5.533238411841804,0.8820945987911901
1.0122909661567112,0.5299192642332049,0.8480480961564261,5.511869441558524,0.9543864957696633
1.0297442586766543,0.5150380749100543,0.8571673007021122,5.4888215024486655,1.026387677376174
1.0471975511965976,0.5000000000000001,0.8660254037844386,5.464101615137755,1.0980762113533156
1.064650843716541,0.4848096202463371,0.8746197071393957,5.437717309542931,1.1694302606791758
1.0821041362364843,0.46947156278589086,0.8829475928589269,5.409676622579271,1.2404280902191078
1.0995574287564276,0.4539904997395468,0.8910065241883678,5.379988095711658,1.311048073346463
1.117010721276371,0.43837114678907746,0.898794046299167,5.348660772352978,1.381268698530269
1.1344640137963142,0.42261826174069944,0.9063077870366499,5.315704195109397,1.4510685758878514
1.1519173063162575,0.4067366430758002,0.9135454576426009,5.2811284028736045,1.520426443700402
1.1693705988362006,0.39073112848927394,0.9205048534524403,5.244943927766856,1.5893211748894989
1.1868238913561442,0.37460659341591196,0.9271838545667874,5.2071617919307975,1.6577317834526264
1.2042771838760873,0.3583679495453004,0.9335804264972017,5.1677935041700085,1.7256374308557043
1.2217304763960306,0.3420201433256688,0.9396926207859083,5.126851056446308,1.7930174323807184
1.239183768915974,0.32556815445715676,0.9455185755993167,5.084346920225894,1.85985126342648
1.2566370614359172,0.30901699437494745,0.9510565162951535,5.040294042680404,1.9261185657606181
1.2740903539558606,0.29237170472273677,0.9563047559630354,4.994705842743089,1.9917991537208959
1.2915436464758039,0.27563735581699916,0.9612616959383189,4.947596207021272,2.056873020363959
1.3089969389957472,0.25881904510252074,0.9659258262890683,4.898979485566356,2.121320343559643
1.3264502315156903,0.2419218955996679,0.9702957262759965,4.848870487502658,2.185121492028986
1.3439035240356338,0.22495105434386492,0.9743700647852352,4.797284476516401,2.248257031324111
1.361356816555577,0.20791169081775945,0.9781476007338056,4.74423716620626,2.310707729748138
1.3788101090755203,0.19080899537654492,0.981627183447664,4.689744715296835,2.372454564213357
1.3962634015954636,0.17364817766693041,0.984807753012208,4.633823722716554,2.433478726035833
1.413716694115407,0.15643446504023092,0.9876883405951378,4.576491222541475,2.4937616266647207
1.43116998663535,0.1391731009600657,0.9902680687415703,4.517764678806544,2.553284903344514
1.4486232791552935,0.12186934340514749,0.992546151641322,4.457661980185878,2.6120304247085233
1.4660765716752369,0.10452846326765346,0.9945218953682733,4.396201434543707,2.6699802963018593
1.4835298641951802,0.08715574274765814,0.9961946980917455,4.333401763357615,2.7271168660322624
1.5009831567151233,0.06975647374412546,0.9975640502598242,4.2692820960157984,2.783422729547096
1.5184364492350666,0.052335956242943966,0.9986295347545738,4.203861963990072,2.8388807355348895
1.53588974175501,0.03489949670250108,0.9993908270190958,4.137161294886387,2.8934739909497837
1.5533430342749535,0.017452406437283376,0.9998476951563913,4.069200406374699,2.947185866157324
1.5707963267948966,6.123233995736766e-17,1.0,4.0,3.0
1.5882496193148399,-0.017452406437283477,0.9998476951563913,3.929581154876431,3.0519003047810243
1.605702911834783,-0.03489949670250073,0.9993908270190958,3.8579653212663803,3.1028709711647893
1.6231562043547263,-0.05233595624294362,0.9986295347545738,3.785174314046521,3.1528964729925524
1.6406094968746698,-0.06975647374412533,0.9975640502598242,3.7112303060627956,3.2019615720118484
1.6580627893946132,-0.08715574274765824,0.9961946980917455,3.636155821376349,3.2500513225182117
1.6755160819145563,-0.10452846326765333,0.9945218953682734,3.5599737284024804,3.29715107590778
1.6929693744344996,-0.12186934340514737,0.9925461516413221,3.482707232944699,3.3432464851394084
1.710422666954443,-0.13917310096006535,0.9902680687415704,3.40437987112602,3.3883235091049073
1.7278759594743864,-0.15643446504023104,0.9876883405951377,3.3250155022196264,3.432368416906106
1.7453292519943295,-0.1736481776669303,0.984807753012208,3.244638301381111,3.4753677920374146
1.7627825445142729,-0.1908089953765448,0.981627183447664,3.1632727522844766,3.5173085364726266
1.780235837034216,-0.20791169081775912,0.9781476007338057,3.080943639664186,3.558177874654694
1.7976891295541593,-0.2249510543438648,0.9743700647852352,2.997676041765482,3.5979633573873
1.8151424220741028,-0.24192189559966779,0.9702957262759965,2.9134953227053146,3.636652865626993
1.8325957145940461,-0.25881904510252085,0.9659258262890683,2.82842712474619,3.6742346141747677
1.8500490071139892,-0.27563735581699905,0.9612616959383189,2.742497360485279,3.7106971552659536
1.8675022996339325,-0.29237170472273666,0.9563047559630355,2.6557322049611956,3.7460293820573165
1.8849555921538759,-0.30901699437494734,0.9510565162951536,2.568158087680825,3.780220532010303
1.902408884673819,-0.3255681544571564,0.9455185755993168,2.479801684568642,3.8132601901694194
1.9198621771937625,-0.3420201433256687,0.9396926207859084,2.390689909840959,3.8451382923347315
1.9373154697137058,-0.35836794954530027,0.9335804264972017,2.300849907807606,3.875845128127506
1.9547687622336491,-0.37460659341591207,0.9271838545667874,2.2103090446035014,3.9053713439480986
1.9722220547535922,-0.3907311284892736,0.9205048534524404,2.119094899852667,3.933707945825142
1.9896753472735356,-0.4067366430758001,0.913545457642601,2.0272352582672033,3.960846302155203
2.007128639793479,-0.42261826174069933,0.90630778703665,1.9347581011838029,3.986778146332048
2.0245819323134224,-0.4383711467890775,0.8987940462991669,1.8416915980403576,4.011495579264734
2.0420352248333655,-0.45399049973954675,0.8910065241883679,1.7480640977952846,4.034991071783744
2.0594885173533086,-0.46947156278589053,0.8829475928589271,1.6539041202921463,4.057257466934453
2.076941809873252,-0.484809620246337,0.8746197071393959,1.5592403475722354,4.078287982157199
2.0943951023931953,-0.4999999999999998,0.8660254037844387,1.4641016151377557,4.098076211353315
2.111848394913139,-0.5150380749100543,0.8571673007021123,1.3685169031682323,4.116616126836499
2.129301687433082,-0.5299192642332048,0.8480480961564261,1.2725153276928851,4.133902081168893
2.1467549799530254,-0.5446390350150271,0.838670567945424,1.1761261317215879,4.149928808881354
2.1642082724729685,-0.5591929034707467,0.8290375725550417,1.0793786763371802,4.164691428077365
2.1816615649929116,-0.5735764363510458,0.819152044288992,0.9823024317517848,4.178185441920114
2.199114857512855,-0.587785252292473,0.8090169943749475,0.8849269683298977,4.1904067400022615
2.2165681500327987,-0.6018150231520484,0.7986355100472927,0.7872819475809774,4.2013515995980235
2.234021442552742,-0.6156614753256583,0.788010753606722,0.6893971131242549,4.211016686797141
2.251474735072685,-0.6293203910498373,0.777145961456971,0.5913022816285349,4.219399057520425
2.2689280275926285,-0.6427876096865394,0.766044443118978,0.4930273337297546,4.226496158416552
2.286381320112572,-0.6560590289905075,0.7547095802227718,0.3946022049290572,4.232305827639838
2.303834612632515,-0.6691306063588582,0.7431448254773942,0.296056876474144,4.236826295508758
2.321287905152458,-0.6819983600624984,0.7313537016191706,0.19742136622668882,4.240056185045007
2.3387411976724013,-0.694658370458997,0.7193398003386514,0.09872571951861753,4.241994512392945
2.356194490192345,-0.7071067811865475,0.7071067811865476,4.440892098500626e-16,4.242640687119286
2.3736477827122884,-0.7193398003386513,0.6946583704589971,-0.09872571951861664,4.241994512392946
2.3911010752322315,-0.7313537016191705,0.6819983600624985,-0.19742136622668793,4.240056185045007
2.4085543677521746,-0.7431448254773941,0.6691306063588583,-0.29605687647414314,4.236826295508758
2.426007660272118,-0.754709580222772,0.6560590289905073,-0.39460220492905895,4.232305827639838
2.443460952792061,-0.7660444431189779,0.6427876096865395,-0.4930273337297537,4.226496158416552
2.4609142453120043,-0.7771459614569707,0.6293203910498377,-0.5913022816285318,4.219399057520425
2.478367537831948,-0.7880107536067219,0.6156614753256584,-0.689397113124254,4.211016686797141
2.4958208303518914,-0.7986355100472929,0.6018150231520482,-0.7872819475809791,4.2013515995980235
2.5132741228718345,-0.8090169943749473,0.5877852522924732,-0.8849269683298964,4.1904067400022615
2.5307274153917776,-0.8191520442889916,0.5735764363510464,-0.9823024317517808,4.178185441920114
2.548180707911721,-0.8290375725550416,0.5591929034707469,-1.0793786763371789,4.164691428077365
2.5656340004316647,-0.8386705679454242,0.5446390350150269,-1.1761261317215892,4.149928808881353
2.5830872929516078,-0.848048096156426,0.5299192642332049,-1.2725153276928842,4.133902081168893
2.600540585471551,-0.8571673007021122,0.5150380749100544,-1.3685169031682314,4.1166161268365
2.6179938779914944,-0.8660254037844387,0.49999999999999994,-1.464101615137755,4.098076211353316
2.6354471705114375,-0.8746197071393957,0.48480962024633717,-1.5592403475722343,4.078287982157199
2.6529004630313806,-0.8829475928589268,0.4694715627858911,-1.6539041202921427,4.057257466934454
2.670353755551324,-0.8910065241883678,0.45399049973954686,-1.7480640977952837,4.034991071783744
2.6878070480712677,-0.898794046299167,0.4383711467890773,-1.841691598040359,4.011495579264733
2.705260340591211,-0.9063077870366499,0.4226182617406995,-1.9347581011838018,3.986778146332048
2.722713633111154,-0.9135454576426008,0.40673664307580043,-2.0272352582672015,3.9608463021552036
2.740166925631097,-0.9205048534524402,0.39073112848927416,-2.119094899852664,3.933707945825143
2.7576202181510405,-0.9271838545667873,0.37460659341591224,-2.2103090446035,3.9053713439480986
2.775073510670984,-0.9335804264972017,0.3583679495453002,-2.3008499078076063,3.875845128127506
2.792526803190927,-0.9396926207859083,0.3420201433256689,-2.3906899098409577,3.8451382923347315
2.8099800957108703,-0.9455185755993167,0.32556815445715703,-2.479801684568639,3.8132601901694216
2.827433388230814,-0.9510565162951535,0.3090169943749475,-2.568158087680824,3.7802205320103033
2.844886680750757,-0.9563047559630354,0.29237170472273705,-2.6557322049611933,3.7460293820573174
2.8623399732707,-0.9612616959383187,0.27563735581699966,-2.742497360485276,3.710697155265955
2.8797932657906435,-0.9659258262890682,0.258819045102521,-2.828427124746189,3.6742346141747677
2.897246558310587,-0.9702957262759965,0.24192189559966773,-2.913495322705315,3.636652865626993
2.9146998508305306,-0.9743700647852352,0.22495105434386478,-2.997676041765482,3.5979633573873
2.9321531433504737,-0.9781476007338057,0.20791169081775931,-3.0809436396641856,3.558177874654695
2.949606435870417,-0.981627183447664,0.19080899537654497,-3.163272752284476,3.517308536472627
2.9670597283903604,-0.984807753012208,0.17364817766693028,-3.244638301381111,3.4753677920374146
2.9845130209103035,-0.9876883405951377,0.15643446504023098,-3.325015502219627,3.432368416906106
3.0019663134302466,-0.9902680687415703,0.13917310096006574,-3.404379871126018,3.388323509104908
3.01941960595019,-0.992546151641322,0.12186934340514755,-3.4827072329446978,3.3432464851394084
3.036872898470133,-0.9945218953682733,0.10452846326765373,-3.559973728402478,3.297151075907781
3.0543261909900763,-0.9961946980917455,0.08715574274765864,-3.636155821376348,3.2500513225182126
3.07177948351002,-0.9975640502598242,0.06975647374412552,-3.7112303060627947,3.201961572011849
3.0892327760299634,-0.9986295347545738,0.05233595624294381,-3.78517431404652,3.152896472992553
3.106686068549907,-0.9993908270190958,0.0348994967025007,-3.8579653212663803,3.1028709711647893
3.12413936106985,-0.9998476951563913,0.01745240643728344,-3.9295811548764314,3.0519003047810243
3.141592653589793,-1.0,1.2246467991473532e-16,-3.9999999999999996,3.0000000000000004
3.159045946109736,-0.9998476951563913,-0.017452406437283192,-4.069200406374698,2.9471858661573243
3.1764992386296798,-0.9993908270190958,-0.0348994967025009,-4.137161294886386,2.8934739909497846
3.193952531149623,-0.9986295347545738,-0.052335956242943564,-4.20386196399007,2.838880735534891
3.211405823669566,-0.9975640502598243,-0.06975647374412483,-4.269282096015797,2.783422729547098
3.2288591161895095,-0.9961946980917455,-0.08715574274765794,-4.333401763357614,2.727116866032263
3.2463124087094526,-0.9945218953682734,-0.10452846326765305,-4.3962014345437055,2.669980296301861
3.2637657012293966,-0.992546151641322,-0.12186934340514774,-4.457661980185879,2.6120304247085224
3.2812189937493397,-0.9902680687415703,-0.13917310096006552,-4.517764678806543,2.5532849033445144
3.2986722862692828,-0.9876883405951378,-0.15643446504023073,-4.576491222541474,2.493761626664721
3.3161255787892263,-0.984807753012208,-0.17364817766693047,-4.633823722716554,2.4334787260358324
3.3335788713091694,-0.981627183447664,-0.19080899537654472,-4.689744715296834,2.372454564213358
3.3510321638291125,-0.9781476007338057,-0.20791169081775907,-4.7442371662062595,2.31070772974814
3.368485456349056,-0.9743700647852352,-0.22495105434386498,-4.797284476516401,2.2482570313241106
3.385938748868999,-0.9702957262759965,-0.2419218955996675,-4.848870487502656,2.185121492028987
3.4033920413889422,-0.9659258262890684,-0.25881904510252035,-4.898979485566355,2.1213203435596437
3.420845333908886,-0.9612616959383189,-0.275637355816999,-4.947596207021272,2.05687302036396
3.438298626428829,-0.9563047559630355,-0.2923717047227364,-4.9947058427430875,1.9917991537208974
3.455751918948773,-0.9510565162951535,-0.30901699437494773,-5.040294042680405,1.9261185657606172
3.473205211468716,-0.9455185755993167,-0.32556815445715676,-5.084346920225894,1.85985126342648
3.490658503988659,-0.9396926207859084,-0.34202014332566866,-5.126851056446308,1.7930174323807193
3.5081117965086026,-0.9335804264972017,-0.35836794954530043,-5.1677935041700085,1.725637430855704
3.5255650890285457,-0.9271838545667874,-0.374606593415912,-5.2071617919307975,1.6577317834526262
3.543018381548489,-0.9205048534524404,-0.39073112848927355,-5.2449439277668555,1.5893211748895004
3.560471674068432,-0.9135454576426011,-0.4067366430757998,-5.281128402873604,1.5204264437004036
3.5779249665883754,-0.90630778703665,-0.4226182617406993,-5.315704195109397,1.4510685758878523
3.5953782591083185,-0.8987940462991671,-0.43837114678907707,-5.348660772352977,1.38126869853027
3.6128315516282616,-0.8910065241883681,-0.45399049973954625,-5.379988095711657,1.3110480733464656
3.6302848441482056,-0.8829475928589269,-0.46947156278589086,-5.409676622579271,1.2404280902191078
3.6477381366681487,-0.8746197071393959,-0.48480962024633695,-5.437717309542931,1.1694302606791767
3.6651914291880923,-0.8660254037844386,-0.5000000000000001,-5.464101615137755,1.0980762113533156
3.6826447217080354,-0.8571673007021123,-0.5150380749100542,-5.4888215024486655,1.0263876773761744
3.7000980142279785,-0.8480480961564261,-0.5299192642332048,-5.511869441558524,0.9543864957696635
3.717551306747922,-0.838670567945424,-0.5446390350150271,-5.533238411841804,0.8820945987911908
3.735004599267865,-0.8290375725550417,-0.5591929034707467,-5.552921904103154,0.8095340072528852
3.752457891787808,-0.819152044288992,-0.5735764363510458,-5.570913922560152,0.7367268238138387
3.7699111843077517,-0.8090169943749475,-0.587785252292473,-5.5872089866696815,0.6636952262474232
3.787364476827695,-0.798635510047293,-0.601815023152048,-5.601802132797364,0.5904614606857348
3.804817769347638,-0.7880107536067222,-0.6156614753256578,-5.61468891572952,0.517047834843193
3.822271061867582,-0.7771459614569708,-0.6293203910498376,-5.625865410027234,0.44347671122139953
3.839724354387525,-0.766044443118978,-0.6427876096865393,-5.635328211222069,0.3697705002973164
3.8571776469074686,-0.7547095802227719,-0.6560590289905074,-5.643074436853118,0.2959516536967932
3.8746309394274117,-0.7431448254773942,-0.6691306063588582,-5.64910172734501,0.22204265735560824
3.8920842319473548,-0.7313537016191706,-0.6819983600624984,-5.653408246726675,0.14806602467001628
3.9095375244672983,-0.7193398003386511,-0.6946583704589973,-5.655992683190593,0.07404428963896148
3.9269908169872414,-0.7071067811865477,-0.7071067811865475,-5.656854249492381,4.440892098500626e-16
3.9444441095071845,-0.6946583704589975,-0.7193398003386509,-5.655992683190593,-0.0740442896389597
3.9618974020271276,-0.6819983600624989,-0.7313537016191701,-5.653408246726676,-0.14806602467001362
3.979350694547071,-0.6691306063588585,-0.743144825477394,-5.64910172734501,-0.22204265735560647
3.9968039870670142,-0.6560590289905077,-0.7547095802227717,-5.643074436853118,-0.2959516536967919
4.014257279586958,-0.6427876096865395,-0.7660444431189779,-5.6353282112220695,-0.3697705002973153
4.031710572106902,-0.6293203910498371,-0.7771459614569711,-5.625865410027233,-0.4434767112214024
4.049163864626845,-0.6156614753256581,-0.7880107536067221,-5.614688915729521,-0.5170478348431922
4.066617157146788,-0.6018150231520483,-0.7986355100472928,-5.601802132797364,-0.5904614606857337
4.084070449666731,-0.5877852522924732,-0.8090169943749473,-5.587208986669682,-0.6636952262474223
4.101523742186674,-0.5735764363510464,-0.8191520442889916,-5.570913922560152,-0.7367268238138358
4.118977034706617,-0.5591929034707472,-0.8290375725550414,-5.552921904103155,-0.8095340072528827
4.136430327226561,-0.544639035015027,-0.8386705679454242,-5.533238411841804,-0.8820945987911917
4.153883619746504,-0.529919264233205,-0.848048096156426,-5.511869441558524,-0.9543864957696631
4.171336912266447,-0.5150380749100544,-0.8571673007021121,-5.4888215024486655,-1.026387677376173
4.1887902047863905,-0.5000000000000004,-0.8660254037844385,-5.464101615137755,-1.0980762113533142
4.2062434973063345,-0.48480962024633684,-0.8746197071393959,-5.437717309542931,-1.1694302606791769
4.223696789826278,-0.46947156278589075,-0.882947592858927,-5.409676622579271,-1.2404280902191087
4.241150082346221,-0.4539904997395469,-0.8910065241883678,-5.379988095711659,-1.3110480733464627
4.258603374866164,-0.43837114678907774,-0.8987940462991668,-5.348660772352979,-1.3812686985302673
4.276056667386107,-0.42261826174069994,-0.9063077870366497,-5.315704195109399,-1.4510685758878494
4.293509959906051,-0.4067366430758001,-0.913545457642601,-5.2811284028736045,-1.5204264437004025
4.310963252425994,-0.3907311284892738,-0.9205048534524403,-5.244943927766856,-1.589321174889499
4.328416544945937,-0.3746065934159123,-0.9271838545667873,-5.207161791930798,-1.657731783452625
4.34586983746588,-0.3583679495453007,-0.9335804264972016,-5.167793504170009,-1.7256374308557028
4.363323129985823,-0.3420201433256694,-0.9396926207859082,-5.12685105644631,-1.7930174323807166
4.380776422505767,-0.32556815445715664,-0.9455185755993168,-5.084346920225894,-1.8598512634264805
4.39822971502571,-0.30901699437494756,-0.9510565162951535,-5.040294042680404,-1.9261185657606177
4.4156830075456535,-0.2923717047227371,-0.9563047559630353,-4.994705842743089,-1.9917991537208946
4.4331363000655974,-0.2756373558169989,-0.961261695938319,-4.947596207021272,-2.0568730203639607
4.4505895925855405,-0.25881904510252063,-0.9659258262890683,-4.898979485566356,-2.1213203435596433
4.468042885105484,-0.24192189559966779,-0.9702957262759965,-4.848870487502657,-2.185121492028986
4.485496177625427,-0.22495105434386525,-0.9743700647852351,-4.797284476516402,-2.2482570313241093
4.50294947014537,-0.2079116908177598,-0.9781476007338056,-4.744237166206261,-2.3107077297481373
4.520402762665313,-0.19080899537654547,-0.9816271834476639,-4.689744715296837,-2.3724545642133554
4.537856055185257,-0.17364817766693033,-0.984807753012208,-4.633823722716554,-2.433478726035833
4.5553093477052,-0.15643446504023104,-0.9876883405951377,-4.576491222541475,-2.49376162666472
4.572762640225144,-0.13917310096006494,-0.9902680687415704,-4.517764678806541,-2.5532849033445166
4.590215932745087,-0.12186934340514717,-0.9925461516413221,-4.457661980185877,-2.6120304247085246
4.60766922526503,-0.10452846326765336,-0.9945218953682734,-4.396201434543707,-2.66998029630186
4.625122517784973,-0.08715574274765825,-0.9961946980917455,-4.333401763357616,-2.727116866032262
4.642575810304916,-0.06975647374412558,-0.9975640502598242,-4.269282096015799,-2.7834227295470955
4.6600291028248595,-0.052335956242944306,-0.9986295347545738,-4.2038619639900725,-2.8388807355348886
4.677482395344803,-0.03489949670250165,-0.9993908270190957,-4.137161294886389,-2.893473990949782
4.694935687864747,-0.017452406437283498,-0.9998476951563913,-4.069200406374699,-2.9471858661573234
4.71238898038469,-1.8369701987210297e-16,-1.0,-4.000000000000001,-2.9999999999999996
4.729842272904633,0.01745240643728313,-0.9998476951563913,-3.9295811548764323,-3.0519003047810234
4.747295565424577,0.03489949670250128,-0.9993908270190958,-3.857965321266378,-3.102870971164791
4.76474885794452,0.052335956242943946,-0.9986295347545738,-3.7851743140465195,-3.1528964729925533
4.782202150464463,0.06975647374412522,-0.9975640502598243,-3.7112303060627965,-3.2019615720118484
4.799655442984406,0.08715574274765789,-0.9961946980917455,-3.6361558213763505,-3.2500513225182104
4.817108735504349,0.10452846326765299,-0.9945218953682734,-3.5599737284024817,-3.297151075907779
4.834562028024293,0.12186934340514768,-0.992546151641322,-3.4827072329446973,-3.343246485139409
4.852015320544236,0.13917310096006547,-0.9902680687415704,-3.40437987112602,-3.3883235091049078
4.869468613064179,0.15643446504023067,-0.9876883405951378,-3.325015502219628,-3.4323684169061055
4.886921905584122,0.17364817766692997,-0.9848077530122081,-3.2446383013811126,-3.475367792037414
4.9043751981040655,0.19080899537654425,-0.9816271834476641,-3.1632727522844792,-3.517308536472625
4.921828490624009,0.20791169081775857,-0.9781476007338058,-3.0809436396641887,-3.5581778746546933
4.939281783143953,0.22495105434386492,-0.9743700647852352,-2.997676041765481,-3.5979633573873
4.956735075663896,0.24192189559966742,-0.9702957262759966,-2.913495322705317,-3.636652865626992
4.97418836818384,0.25881904510252113,-0.9659258262890682,-2.828427124746188,-3.674234614174768
4.991641660703783,0.2756373558169994,-0.9612616959383188,-2.7424973604852774,-3.7106971552659544
5.009094953223726,0.2923717047227367,-0.9563047559630354,-2.655732204961195,-3.7460293820573165
5.026548245743669,0.30901699437494723,-0.9510565162951536,-2.5681580876808257,-3.7802205320103024
5.044001538263612,0.3255681544571563,-0.945518575599317,-2.479801684568643,-3.81326019016942
5.061454830783555,0.34202014332566816,-0.9396926207859085,-2.3906899098409617,-3.84513829233473
5.078908123303498,0.35836794954529955,-0.9335804264972021,-2.30084990780761,-3.875845128127505
5.096361415823442,0.37460659341591196,-0.9271838545667874,-2.210309044603502,-3.905371343948098
5.113814708343385,0.3907311284892735,-0.9205048534524405,-2.119094899852668,-3.933707945825142
5.131268000863329,0.40673664307580054,-0.9135454576426008,-2.0272352582672006,-3.960846302155204
5.1487212933832724,0.4226182617406996,-0.9063077870366498,-1.9347581011838009,-3.986778146332048
5.1661745859032155,0.4383711467890774,-0.898794046299167,-1.8416915980403585,-4.011495579264734
5.183627878423159,0.45399049973954664,-0.891006524188368,-1.7480640977952855,-4.034991071783743
5.201081170943102,0.4694715627858904,-0.8829475928589271,-1.6539041202921467,-4.057257466934453
5.218534463463045,0.4848096202463365,-0.8746197071393961,-1.5592403475722383,-4.078287982157198
5.235987755982989,0.5000000000000001,-0.8660254037844386,-1.464101615137754,-4.098076211353316
5.253441048502932,0.5150380749100542,-0.8571673007021123,-1.3685169031682327,-4.116616126836499
5.270894341022875,0.5299192642332047,-0.8480480961564261,-1.2725153276928856,-4.133902081168892
5.288347633542818,0.5446390350150266,-0.8386705679454243,-1.1761261317215905,-4.149928808881352
5.305800926062761,0.5591929034707462,-0.8290375725550421,-1.0793786763371833,-4.164691428077365
5.323254218582705,0.573576436351046,-0.8191520442889918,-0.982302431751783,-4.178185441920114
5.340707511102648,0.5877852522924729,-0.8090169943749476,-0.8849269683298986,-4.1904067400022615
5.358160803622591,0.6018150231520479,-0.798635510047293,-0.7872819475809805,-4.201351599598023
5.375614096142535,0.6156614753256585,-0.7880107536067218,-0.6893971131242531,-4.211016686797141
5.3930673886624785,0.6293203910498375,-0.7771459614569708,-0.5913022816285332,-4.219399057520425
5.410520681182422,0.6427876096865393,-0.7660444431189781,-0.4930273337297555,-4.226496158416552
5.427973973702365,0.656059028990507,-0.7547095802227722,-0.39460220492906073,-4.232305827639838
5.445427266222308,0.6691306063588578,-0.7431448254773946,-0.29605687647414713,-4.236826295508758
5.462880558742251,0.6819983600624979,-0.731353701619171,-0.19742136622669237,-4.240056185045006
5.480333851262194,0.6946583704589966,-0.7193398003386517,-0.09872571951862064,-4.241994512392945
5.497787143782138,0.7071067811865474,-0.7071067811865477,-1.3322676295501878e-15,-4.242640687119285
5.515240436302081,0.7193398003386509,-0.6946583704589976,0.09872571951861309,-4.241994512392945
5.532693728822025,0.7313537016191707,-0.6819983600624983,0.1974213662266897,-4.240056185045007
5.550147021341968,0.7431448254773942,-0.6691306063588581,0.29605687647414447,-4.236826295508758
5.567600313861911,0.7547095802227719,-0.6560590289905074,0.39460220492905806,-4.232305827639838
5.585053606381854,0.7660444431189778,-0.6427876096865396,0.4930273337297528,-4.226496158416552
5.602506898901797,0.7771459614569706,-0.6293203910498378,0.5913022816285309,-4.219399057520425
5.6199601914217405,0.7880107536067216,-0.6156614753256588,0.6893971131242509,-4.211016686797141
5.6374134839416845,0.7986355100472928,-0.6018150231520483,0.7872819475809782,-4.2013515995980235
5.654866776461628,0.8090169943749473,-0.5877852522924734,0.8849269683298959,-4.1904067400022615
5.672320068981571,0.8191520442889916,-0.5735764363510465,0.9823024317517803,-4.178185441920114
5.689773361501514,0.8290375725550414,-0.5591929034707473,1.0793786763371762,-4.164691428077367
5.707226654021458,0.838670567945424,-0.544639035015027,1.1761261317215883,-4.149928808881353
5.7246799465414,0.8480480961564254,-0.5299192642332058,1.2725153276928785,-4.133902081168894
5.742133239061344,0.8571673007021121,-0.5150380749100545,1.3685169031682305,-4.1166161268365
5.759586531581287,0.8660254037844384,-0.5000000000000004,1.4641016151377517,-4.098076211353316
5.777039824101231,0.8746197071393959,-0.4848096202463369,1.5592403475722358,-4.078287982157198
5.794493116621174,0.882947592858927,-0.4694715627858908,1.6539041202921447,-4.057257466934454
5.811946409141117,0.8910065241883678,-0.45399049973954697,1.7480640977952833,-4.034991071783744
5.829399701661061,0.8987940462991671,-0.438371146789077,1.8416915980403605,-4.011495579264732
5.8468529941810035,0.9063077870366497,-0.4226182617407,1.9347581011837989,-3.9867781463320493
5.8643062867009474,0.913545457642601,-0.40673664307580015,2.0272352582672033,-3.960846302155203
5.88175957922089,0.9205048534524399,-0.3907311284892747,2.119094899852661,-3.9337079458251436
5.899212871740834,0.9271838545667873,-0.37460659341591235,2.2103090446035,-3.905371343948099
5.916666164260777,0.9335804264972015,-0.35836794954530077,2.300849907807603,-3.875845128127507
5.934119456780721,0.9396926207859084,-0.3420201433256686,2.390689909840959,-3.845138292334731
5.951572749300663,0.9455185755993165,-0.32556815445715753,2.4798016845686357,-3.813260190169422
5.969026041820607,0.9510565162951535,-0.3090169943749477,2.5681580876808234,-3.7802205320103033
5.986479334340551,0.9563047559630357,-0.29237170472273627,2.6557322049611978,-3.7460293820573156
6.003932626860493,0.9612616959383187,-0.2756373558169998,2.7424973604852756,-3.7106971552659553
6.021385919380437,0.9659258262890683,-0.2588190451025207,2.8284271247461907,-3.6742346141747673
6.03883921190038,0.9702957262759965,-0.24192189559966787,2.913495322705314,-3.636652865626993
6.056292504420323,0.9743700647852351,-0.22495105434386534,2.9976760417654793,-3.597963357387301
6.073745796940266,0.9781476007338056,-0.20791169081775987,3.080943639664183,-3.5581778746546964
6.09119908946021,0.981627183447664,-0.19080899537654467,3.1632727522844775,-3.517308536472626
6.108652381980153,0.9848077530122079,-0.17364817766693127,3.2446383013811064,-3.4753677920374173
6.126105674500097,0.9876883405951377,-0.1564344650402311,3.3250155022196264,-3.4323684169061064
6.14355896702004,0.9902680687415703,-0.13917310096006588,3.4043798711260176,-3.3883235091049086
6.161012259539983,0.992546151641322,-0.12186934340514811,3.4827072329446955,-3.34324648513941
6.178465552059927,0.9945218953682733,-0.10452846326765342,3.5599737284024795,-3.29715107590778
6.19591884457987,0.9961946980917455,-0.08715574274765832,3.6361558213763487,-3.2500513225182117
6.213372137099814,0.9975640502598243,-0.06975647374412476,3.7112303060627982,-3.201961572011847
6.230825429619756,0.9986295347545738,-0.05233595624294437,3.7851743140465177,-3.1528964729925546
6.2482787221397,0.9993908270190958,-0.034899496702500823,3.85796532126638,-3.1028709711647897
6.265732014659642,0.9998476951563913,-0.01745240643728445,3.9295811548764275,-3.0519003047810274
6.283185307179586,1.0,-2.4492935982947064e-16,3.999999999999999,-3.000000000000001
