order,stage,angle_rad,x,y,z
x_then_y,1,0.0,1.0,1.0,0.0
x_then_y,1,0.017453292519943295,1.0,0.9998476951563913,0.01745240643728351
x_then_y,1,0.03490658503988659,1.0,0.9993908270190958,0.03489949670250097
x_then_y,1,0.05235987755982988,1.0,0.9986295347545738,0.05233595624294383
x_then_y,1,0.06981317007977318,1.0,0.9975640502598242,0.0697564737441253
x_then_y,1,0.08726646259971647,1.0,0.9961946980917455,0.08715574274765817
x_then_y,1,0.10471975511965977,1.0,0.9945218953682733,0.10452846326765346
x_then_y,1,0.12217304763960307,1.0,0.992546151641322,0.12186934340514748
x_then_y,1,0.13962634015954636,1.0,0.9902680687415704,0.13917310096006544
x_then_y,1,0.15707963267948966,1.0,0.9876883405951378,0.15643446504023087
x_then_y,1,0.17453292519943295,1.0,0.984807753012208,0.17364817766693033
x_then_y,1,0.19198621771937624,1.0,0.981627183447664,0.1908089953765448
x_then_y,1,0.20943951023931953,1.0,0.9781476007338057,0.20791169081775931
x_then_y,1,0.22689280275926285,1.0,0.9743700647852352,0.224951054343865
x_then_y,1,0.24434609527920614,1.0,0.9702957262759965,0.24192189559966773
x_then_y,1,0.2617993877991494,1.0,0.9659258262890683,0.25881904510252074
x_then_y,1,0.2792526803190927,1.0,0.9612616959383189,0.27563735581699916
x_then_y,1,0.29670597283903605,1.0,0.9563047559630354,0.29237170472273677
x_then_y,1,0.3141592653589793,1.0,0.9510565162951535,0.3090169943749474
x_then_y,1,0.3316125578789226,1.0,0.9455185755993168,0.32556815445715664
x_then_y,1,0.3490658503988659,1.0,0.9396926207859084,0.3420201433256687
x_then_y,1,0.3665191429188092,1.0,0.9335804264972017,0.35836794954530027
x_then_y,1,0.3839724354387525,1.0,0.9271838545667874,0.374606593415912
x_then_y,1,0.40142572795869574,1.0,0.9205048534524404,0.3907311284892737
x_then_y,1,0.41887902047863906,1.0,0.9135454576426009,0.40673664307580015
x_then_y,1,0.4363323129985824,1.0,0.9063077870366499,0.42261826174069944
x_then_y,1,0.4537856055185257,1.0,0.898794046299167,0.4383711467890774
x_then_y,1,0.47123889803846897,1.0,0.8910065241883679,0.45399049973954675
x_then_y,1,0.4886921905584123,1.0,0.882947592858927,0.4694715627858908
x_then_y,1,0.5061454830783556,1.0,0.8746197071393957,0.48480962024633706
x_then_y,1,0.5235987755982988,1.0,0.8660254037844387,0.49999999999999994
x_then_y,1,0.5410520681182421,1.0,0.8571673007021123,0.5150380749100542
x_then_y,1,0.5585053606381855,1.0,0.848048096156426,0.5299192642332049
x_then_y,1,0.5759586531581288,1.0,0.838670567945424,0.5446390350150271
x_then_y,1,0.5934119456780721,1.0,0.8290375725550417,0.5591929034707469
x_then_y,1,0.6108652381980153,1.0,0.8191520442889918,0.573576436351046
x_then_y,1,0.6283185307179586,1.0,0.8090169943749475,0.5877852522924731
x_then_y,1,0.6457718232379019,1.0,0.7986355100472928,0.6018150231520483
x_then_y,1,0.6632251157578452,1.0,0.788010753606722,0.6156614753256582
x_then_y,1,0.6806784082777885,1.0,0.7771459614569709,0.6293203910498374
x_then_y,1,0.6981317007977318,1.0,0.766044443118978,0.6427876096865393
x_then_y,1,0.715584993317675,1.0,0.754709580222772,0.6560590289905072
x_then_y,1,0.7330382858376184,1.0,0.7431448254773942,0.6691306063588582
x_then_y,1,0.7504915783575616,1.0,0.7313537016191706,0.6819983600624985
x_then_y,1,0.767944870877505,1.0,0.7193398003386512,0.6946583704589973
x_then_y,1,0.7853981633974483,1.0,0.7071067811865476,0.7071067811865476
x_then_y,1,0.8028514559173915,1.0,0.6946583704589974,0.7193398003386511
x_then_y,1,0.8203047484373349,1.0,0.6819983600624985,0.7313537016191705
x_then_y,1,0.8377580409572781,1.0,0.6691306063588582,0.7431448254773941
x_then_y,1,0.8552113334772214,1.0,0.6560590289905073,0.754709580222772
x_then_y,1,0.8726646259971648,1.0,0.6427876096865394,0.766044443118978
x_then_y,1,0.890117918517108,1.0,0.6293203910498375,0.7771459614569708
x_then_y,1,0.9075712110370514,1.0,0.6156614753256583,0.788010753606722
x_then_y,1,0.9250245035569946,1.0,0.6018150231520484,0.7986355100472928
x_then_y,1,0.9424777960769379,1.0,0.5877852522924731,0.8090169943749475
x_then_y,1,0.9599310885968813,1.0,0.573576436351046,0.8191520442889918
x_then_y,1,0.9773843811168246,1.0,0.5591929034707468,0.8290375725550417
x_then_y,1,0.9948376736367678,1.0,0.5446390350150272,0.8386705679454239
x_then_y,1,1.0122909661567112,1.0,0.5299192642332049,0.8480480961564261
x_then_y,1,1.0297442586766543,1.0,0.5150380749100543,0.8571673007021122
x_then_y,1,1.0471975511965976,1.0,0.5000000000000001,0.8660254037844386
x_then_y,1,1.064650843716541,1.0,0.4848096202463371,0.8746197071393957
x_then_y,1,1.0821041362364843,1.0,0.46947156278589086,0.8829475928589269
x_then_y,1,1.0995574287564276,1.0,0.4539904997395468,0.8910065241883678
x_then_y,1,1.117010721276371,1.0,0.43837114678907746,0.898794046299167
x_then_y,1,1.1344640137963142,1.0,0.42261826174069944,0.9063077870366499
x_then_y,1,1.1519173063162575,1.0,0.4067366430758002,0.9135454576426009
x_then_y,1,1.1693705988362006,1.0,0.39073112848927394,0.9205048534524403
x_then_y,1,1.1868238913561442,1.0,0.37460659341591196,0.9271838545667874
x_then_y,1,1.2042771838760873,1.0,0.3583679495453004,0.9335804264972017
x_then_y,1,1.2217304763960306,1.0,0.3420201433256688,0.9396926207859083
x_then_y,1,1.239183768915974,1.0,0.32556815445715676,0.9455185755993167
x_then_y,1,1.2566370614359172,1.0,0.30901699437494745,0.9510565162951535
x_then_y,1,1.2740903539558606,1.0,0.29237170472273677,0.9563047559630354
x_then_y,1,1.2915436464758039,1.0,0.27563735581699916,0.9612616959383189
x_then_y,1,1.3089969389957472,1.0,0.25881904510252074,0.9659258262890683
x_then_y,1,1.3264502315156903,1.0,0.2419218955996679,0.9702957262759965
x_then_y,1,1.3439035240356338,1.0,0.22495105434386492,0.9743700647852352
x_then_y,1,1.361356816555577,1.0,0.20791169081775945,0.9781476007338056
x_then_y,1,1.3788101090755203,1.0,0.19080899537654492,0.981627183447664
x_then_y,1,1.3962634015954636,1.0,0.17364817766693041,0.984807753012208
x_then_y,1,1.413716694115407,1.0,0.15643446504023092,0.9876883405951378
x_then_y,1,1.43116998663535,1.0,0.1391731009600657,0.9902680687415703
x_then_y,1,1.4486232791552935,1.0,0.12186934340514749,0.992546151641322
x_then_y,1,1.4660765716752369,1.0,0.10452846326765346,0.9945218953682733
x_then_y,1,1.4835298641951802,1.0,0.08715574274765814,0.9961946980917455
x_then_y,1,1.5009831567151233,1.0,0.06975647374412546,0.9975640502598242
x_then_y,1,1.5184364492350666,1.0,0.052335956242943966,0.9986295347545738
x_then_y,1,1.53588974175501,1.0,0.03489949670250108,0.9993908270190958
x_then_y,1,1.5533430342749535,1.0,0.017452406437283376,0.9998476951563913
x_then_y,1,1.5707963267948966,1.0,6.123233995736766e-17,1.0
x_then_y,2,0.0,1.0,6.123233995736766e-17,1.0
x_then_y,2,0.017453292519943295,1.0173001015936747,6.123233995736766e-17,0.9823952887191078
x_then_y,2,0.03490658503988659,1.0342903237215968,6.123233995736766e-17,0.9644913303165948
x_then_y,2,0.05235987755982988,1.0509654909975177,6.123233995736766e-17,0.94629357851163
x_then_y,2,0.06981317007977318,1.0673205240039496,6.123233995736766e-17,0.9278075765156989
x_then_y,2,0.08726646259971647,1.0833504408394037,6.123233995736766e-17,0.9090389553440874
x_then_y,2,0.10471975511965977,1.0990503586359268,6.123233995736766e-17,0.8899934321006199
x_then_y,2,0.12217304763960307,1.1144154950464695,6.123233995736766e-17,0.8706768082361745
x_then_y,2,0.13962634015954636,1.1294411697016358,6.123233995736766e-17,0.851094967781505
x_then_y,2,0.15707963267948966,1.1441228056353687,6.123233995736766e-17,0.8312538755549069
x_then_y,2,0.17453292519943295,1.1584559306791384,6.123233995736766e-17,0.8111595753452777
x_then_y,2,0.19198621771937624,1.1724361788242088,6.123233995736766e-17,0.7908181880711191
x_then_y,2,0.20943951023931953,1.186059291551565,6.123233995736766e-17,0.7702359099160464
x_then_y,2,0.22689280275926285,1.1993211191291002,6.123233995736766e-17,0.7494190104413703
x_then_y,2,0.24434609527920614,1.2122176218756642,6.123233995736766e-17,0.7283738306763288
x_then_y,2,0.2617993877991494,1.224744871391589,6.123233995736766e-17,0.7071067811865476
x_then_y,2,0.2792526803190927,1.236899051755318,6.123233995736766e-17,0.6856243401213198
x_then_y,2,0.29670597283903605,1.2486764606857723,6.123233995736766e-17,0.6639330512402987
x_then_y,2,0.3141592653589793,1.2600735106701009,6.123233995736766e-17,0.6420395219202062
x_then_y,2,0.3316125578789226,1.2710867300564734,6.123233995736766e-17,0.6199504211421603
x_then_y,2,0.3490658503988659,1.281712764111577,6.123233995736766e-17,0.5976724774602398
x_then_y,2,0.3665191429188092,1.2919483760425021,6.123233995736766e-17,0.5752124769519015
x_then_y,2,0.3839724354387525,1.3017904479826994,6.123233995736766e-17,0.5525772611508755
x_then_y,2,0.40142572795869574,1.311235981941714,6.123233995736766e-17,0.5297737249631667
x_then_y,2,0.41887902047863906,1.320282100718401,6.123233995736766e-17,0.5068088145668007
x_then_y,2,0.4363323129985824,1.3289260487773493,6.123233995736766e-17,0.4836895252959505
x_then_y,2,0.4537856055185257,1.3371651930882444,6.123233995736766e-17,0.46042289951008963
x_then_y,2,0.47123889803846897,1.3449970239279145,6.123233995736766e-17,0.43701602444882115
x_then_y,2,0.4886921905584123,1.3524191556448177,6.123233995736766e-17,0.4134760300730362
x_then_y,2,0.5061454830783556,1.3594293273857327,6.123233995736766e-17,0.3898100868930587
x_then_y,2,0.5235987755982988,1.3660254037844386,6.123233995736766e-17,0.36602540378443876
x_then_y,2,0.5410520681182421,1.3722053756121664,6.123233995736766e-17,0.3421292257920582
x_then_y,2,0.5585053606381855,1.377967360389631,6.123233995736766e-17,0.31812883192322106
x_then_y,2,0.5759586531581288,1.383309602960451,6.123233995736766e-17,0.29403153293039697
x_then_y,2,0.5934119456780721,1.3882304760257886,6.123233995736766e-17,0.26984466908429483
x_then_y,2,0.6108652381980153,1.392728480640038,6.123233995736766e-17,0.24557560793794575
x_then_y,2,0.6283185307179586,1.3968022466674206,6.123233995736766e-17,0.22123174208247431
x_then_y,2,0.6457718232379019,1.400450533199341,6.123233995736766e-17,0.19682048689524456
x_then_y,2,0.6632251157578452,1.4036722289323802,6.123233995736766e-17,0.17234927828106383
x_then_y,2,0.6806784082777885,1.4064663525068082,6.123233995736766e-17,0.1478255704071335
x_then_y,2,0.6981317007977318,1.4088320528055172,6.123233995736766e-17,0.12325683343243876
x_then_y,2,0.715584993317675,1.4107686092132792,6.123233995736766e-17,0.09865055123226485
x_then_y,2,0.7330382858376184,1.4122754318362525,6.123233995736766e-17,0.074014219118536
x_then_y,2,0.7504915783575616,1.413352061681669,6.123233995736766e-17,0.049355341556672094
x_then_y,2,0.767944870877505,1.4139981707976483,6.123233995736766e-17,0.024681429879653938
x_then_y,2,0.7853981633974483,1.4142135623730951,6.123233995736766e-17,0.0
x_then_y,2,0.8028514559173915,1.4139981707976483,6.123233995736766e-17,-0.024681429879653716
x_then_y,2,0.8203047484373349,1.4133520616816688,6.123233995736766e-17,-0.04935534155667198
x_then_y,2,0.8377580409572781,1.4122754318362523,6.123233995736766e-17,-0.0740142191185359
x_then_y,2,0.8552113334772214,1.4107686092132794,6.123233995736766e-17,-0.09865055123226474
x_then_y,2,0.8726646259971648,1.4088320528055174,6.123233995736766e-17,-0.12325683343243865
x_then_y,2,0.890117918517108,1.4064663525068082,6.123233995736766e-17,-0.1478255704071333
x_then_y,2,0.9075712110370514,1.4036722289323804,6.123233995736766e-17,-0.17234927828106372
x_then_y,2,0.9250245035569946,1.4004505331993413,6.123233995736766e-17,-0.19682048689524445
x_then_y,2,0.9424777960769379,1.3968022466674206,6.123233995736766e-17,-0.22123174208247431
x_then_y,2,0.9599310885968813,1.392728480640038,6.123233995736766e-17,-0.24557560793794575
x_then_y,2,0.9773843811168246,1.3882304760257886,6.123233995736766e-17,-0.26984466908429494
x_then_y,2,0.9948376736367678,1.383309602960451,6.123233995736766e-17,-0.29403153293039674
x_then_y,2,1.0122909661567112,1.377967360389631,6.123233995736766e-17,-0.31812883192322117
x_then_y,2,1.0297442586766543,1.3722053756121664,6.123233995736766e-17,-0.34212922579205796
x_then_y,2,1.0471975511965976,1.3660254037844388,6.123233995736766e-17,-0.3660254037844385
x_then_y,2,1.064650843716541,1.3594293273857327,6.123233995736766e-17,-0.3898100868930586
x_then_y,2,1.0821041362364843,1.3524191556448177,6.123233995736766e-17,-0.413476030073036
x_then_y,2,1.0995574287564276,1.3449970239279145,6.123233995736766e-17,-0.437016024448821
x_then_y,2,1.117010721276371,1.3371651930882444,6.123233995736766e-17,-0.4604228995100896
x_then_y,2,1.1344640137963142,1.3289260487773493,6.123233995736766e-17,-0.4836895252959505
x_then_y,2,1.1519173063162575,1.3202821007184011,6.123233995736766e-17,-0.5068088145668006
x_then_y,2,1.1693705988362006,1.311235981941714,6.123233995736766e-17,-0.5297737249631663
x_then_y,2,1.1868238913561442,1.3017904479826994,6.123233995736766e-17,-0.5525772611508755
x_then_y,2,1.2042771838760873,1.2919483760425021,6.123233995736766e-17,-0.5752124769519014
x_then_y,2,1.2217304763960306,1.281712764111577,6.123233995736766e-17,-0.5976724774602395
x_then_y,2,1.239183768915974,1.2710867300564734,6.123233995736766e-17,-0.61995042114216
x_then_y,2,1.2566370614359172,1.260073510670101,6.123233995736766e-17,-0.6420395219202061
x_then_y,2,1.2740903539558606,1.2486764606857723,6.123233995736766e-17,-0.6639330512402987
x_then_y,2,1.2915436464758039,1.236899051755318,6.123233995736766e-17,-0.6856243401213198
x_then_y,2,1.3089969389957472,1.224744871391589,6.123233995736766e-17,-0.7071067811865476
x_then_y,2,1.3264502315156903,1.2122176218756644,6.123233995736766e-17,-0.7283738306763285
x_then_y,2,1.3439035240356338,1.1993211191291002,6.123233995736766e-17,-0.7494190104413703
x_then_y,2,1.361356816555577,1.186059291551565,6.123233995736766e-17,-0.7702359099160461
x_then_y,2,1.3788101090755203,1.1724361788242088,6.123233995736766e-17,-0.790818188071119
x_then_y,2,1.3962634015954636,1.1584559306791384,6.123233995736766e-17,-0.8111595753452776
x_then_y,2,1.413716694115407,1.1441228056353687,6.123233995736766e-17,-0.8312538755549068
x_then_y,2,1.43116998663535,1.129441169701636,6.123233995736766e-17,-0.8510949677815045
x_then_y,2,1.4486232791552935,1.1144154950464695,6.123233995736766e-17,-0.8706768082361744
x_then_y,2,1.4660765716752369,1.0990503586359268,6.123233995736766e-17,-0.8899934321006199
x_then_y,2,1.4835298641951802,1.0833504408394037,6.123233995736766e-17,-0.9090389553440874
x_then_y,2,1.5009831567151233,1.0673205240039496,6.123233995736766e-17,-0.9278075765156988
x_then_y,2,1.5184364492350666,1.050965490997518,6.123233995736766e-17,-0.9462935785116299
x_then_y,2,1.53588974175501,1.0342903237215968,6.123233995736766e-17,-0.9644913303165947
x_then_y,2,1.5533430342749535,1.0173001015936747,6.123233995736766e-17,-0.9823952887191079
x_then_y,2,1.5707963267948966,1.0,6.123233995736766e-17,-0.9999999999999999
y_then_x,1,0.0,1.0,1.0,0.0
y_then_x,1,0.017453292519943295,0.9998476951563913,1.0,-0.01745240643728351
y_then_x,1,0.03490658503988659,0.9993908270190958,1.0,-0.03489949670250097
y_then_x,1,0.05235987755982988,0.9986295347545738,1.0,-0.05233595624294383
y_then_x,1,0.06981317007977318,0.9975640502598242,1.0,-0.0697564737441253
y_then_x,1,0.08726646259971647,0.9961946980917455,1.0,-0.08715574274765817
y_then_x,1,0.10471975511965977,0.9945218953682733,1.0,-0.10452846326765346
y_then_x,1,0.12217304763960307,0.992546151641322,1.0,-0.12186934340514748
y_then_x,1,0.13962634015954636,0.9902680687415704,1.0,-0.13917310096006544
y_then_x,1,0.15707963267948966,0.9876883405951378,1.0,-0.15643446504023087
y_then_x,1,0.17453292519943295,0.984807753012208,1.0,-0.17364817766693033
y_then_x,1,0.19198621771937624,0.981627183447664,1.0,-0.1908089953765448
y_then_x,1,0.20943951023931953,0.9781476007338057,1.0,-0.20791169081775931
y_then_x,1,0.22689280275926285,0.9743700647852352,1.0,-0.224951054343865
y_then_x,1,0.24434609527920614,0.9702957262759965,1.0,-0.24192189559966773
y_then_x,1,0.2617993877991494,0.9659258262890683,1.0,-0.25881904510252074
y_then_x,1,0.2792526803190927,0.9612616959383189,1.0,-0.27563735581699916
y_then_x,1,0.29670597283903605,0.9563047559630354,1.0,-0.29237170472273677
y_then_x,1,0.3141592653589793,0.9510565162951535,1.0,-0.3090169943749474
y_then_x,1,0.3316125578789226,0.9455185755993168,1.0,-0.32556815445715664
y_then_x,1,0.3490658503988659,0.9396926207859084,1.0,-0.3420201433256687
y_then_x,1,0.3665191429188092,0.9335804264972017,1.0,-0.35836794954530027
y_then_x,1,0.3839724354387525,0.9271838545667874,1.0,-0.374606593415912
y_then_x,1,0.40142572795869574,0.9205048534524404,1.0,-0.3907311284892737
y_then_x,1,0.41887902047863906,0.9135454576426009,1.0,-0.40673664307580015
y_then_x,1,0.4363323129985824,0.9063077870366499,1.0,-0.42261826174069944
y_then_x,1,0.4537856055185257,0.898794046299167,1.0,-0.4383711467890774
y_then_x,1,0.47123889803846897,0.8910065241883679,1.0,-0.45399049973954675
y_then_x,1,0.4886921905584123,0.882947592858927,1.0,-0.4694715627858908
y_then_x,1,0.5061454830783556,0.8746197071393957,1.0,-0.48480962024633706
y_then_x,1,0.5235987755982988,0.8660254037844387,1.0,-0.49999999999999994
y_then_x,1,0.5410520681182421,0.8571673007021123,1.0,-0.5150380749100542
y_then_x,1,0.5585053606381855,0.848048096156426,1.0,-0.5299192642332049
y_then_x,1,0.5759586531581288,0.838670567945424,1.0,-0.5446390350150271
y_then_x,1,0.5934119456780721,0.8290375725550417,1.0,-0.5591929034707469
y_then_x,1,0.6108652381980153,0.8191520442889918,1.0,-0.573576436351046
y_then_x,1,0.6283185307179586,0.8090169943749475,1.0,-0.5877852522924731
y_then_x,1,0.6457718232379019,0.7986355100472928,1.0,-0.6018150231520483
y_then_x,1,0.6632251157578452,0.788010753606722,1.0,-0.6156614753256582
y_then_x,1,0.6806784082777885,0.7771459614569709,1.0,-0.6293203910498374
y_then_x,1,0.6981317007977318,0.766044443118978,1.0,-0.6427876096865393
y_then_x,1,0.715584993317675,0.754709580222772,1.0,-0.6560590289905072
y_then_x,1,0.7330382858376184,0.7431448254773942,1.0,-0.6691306063588582
y_then_x,1,0.7504915783575616,0.7313537016191706,1.0,-0.6819983600624985
y_then_x,1,0.767944870877505,0.7193398003386512,1.0,-0.6946583704589973
y_then_x,1,0.7853981633974483,0.7071067811865476,1.0,-0.7071067811865476
y_then_x,1,0.8028514559173915,0.6946583704589974,1.0,-0.7193398003386511
y_then_x,1,0.8203047484373349,0.6819983600624985,1.0,-0.7313537016191705
y_then_x,1,0.8377580409572781,0.6691306063588582,1.0,-0.7431448254773941
y_then_x,1,0.8552113334772214,0.6560590289905073,1.0,-0.754709580222772
y_then_x,1,0.8726646259971648,0.6427876096865394,1.0,-0.766044443118978
y_then_x,1,0.890117918517108,0.6293203910498375,1.0,-0.7771459614569708
y_then_x,1,0.9075712110370514,0.6156614753256583,1.0,-0.788010753606722
y_then_x,1,0.9250245035569946,0.6018150231520484,1.0,-0.7986355100472928
y_then_x,1,0.9424777960769379,0.5877852522924731,1.0,-0.8090169943749475
y_then_x,1,0.9599310885968813,0.573576436351046,1.0,-0.8191520442889918
y_then_x,1,0.9773843811168246,0.5591929034707468,1.0,-0.8290375725550417
y_then_x,1,0.9948376736367678,0.5446390350150272,1.0,-0.8386705679454239
y_then_x,1,1.0122909661567112,0.5299192642332049,1.0,-0.8480480961564261
y_then_x,1,1.0297442586766543,0.5150380749100543,1.0,-0.8571673007021122
y_then_x,1,1.0471975511965976,0.5000000000000001,1.0,-0.8660254037844386
y_then_x,1,1.064650843716541,0.4848096202463371,1.0,-0.8746197071393957
y_then_x,1,1.0821041362364843,0.46947156278589086,1.0,-0.8829475928589269
y_then_x,1,1.0995574287564276,0.4539904997395468,1.0,-0.8910065241883678
y_then_x,1,1.117010721276371,0.43837114678907746,1.0,-0.898794046299167
y_then_x,1,1.1344640137963142,0.42261826174069944,1.0,-0.9063077870366499
y_then_x,1,1.1519173063162575,0.4067366430758002,1.0,-0.9135454576426009
y_then_x,1,1.1693705988362006,0.39073112848927394,1.0,-0.9205048534524403
y_then_x,1,1.1868238913561442,0.37460659341591196,1.0,-0.9271838545667874
y_then_x,1,1.2042771838760873,0.3583679495453004,1.0,-0.9335804264972017
y_then_x,1,1.2217304763960306,0.3420201433256688,1.0,-0.9396926207859083
y_then_x,1,1.239183768915974,0.32556815445715676,1.0,-0.9455185755993167
y_then_x,1,1.2566370614359172,0.30901699437494745,1.0,-0.9510565162951535
y_then_x,1,1.2740903539558606,0.29237170472273677,1.0,-0.9563047559630354
y_then_x,1,1.2915436464758039,0.27563735581699916,1.0,-0.9612616959383189
y_then_x,1,1.3089969389957472,0.25881904510252074,1.0,-0.9659258262890683
y_then_x,1,1.3264502315156903,0.2419218955996679,1.0,-0.9702957262759965
y_then_x,1,1.3439035240356338,0.22495105434386492,1.0,-0.9743700647852352
y_then_x,1,1.361356816555577,0.20791169081775945,1.0,-0.9781476007338056
y_then_x,1,1.3788101090755203,0.19080899537654492,1.0,-0.981627183447664
y_then_x,1,1.3962634015954636,0.17364817766693041,1.0,-0.984807753012208
y_then_x,1,1.413716694115407,0.15643446504023092,1.0,-0.9876883405951378
y_then_x,1,1.43116998663535,0.1391731009600657,1.0,-0.9902680687415703
y_then_x,1,1.4486232791552935,0.12186934340514749,1.0,-0.992546151641322
y_then_x,1,1.4660765716752369,0.10452846326765346,1.0,-0.9945218953682733
y_then_x,1,1.4835298641951802,0.08715574274765814,1.0,-0.9961946980917455
y_then_x,1,1.5009831567151233,0.06975647374412546,1.0,-0.9975640502598242
y_then_x,1,1.5184364492350666,0.052335956242943966,1.0,-0.9986295347545738
y_then_x,1,1.53588974175501,0.03489949670250108,1.0,-0.9993908270190958
y_then_x,1,1.5533430342749535,0.017452406437283376,1.0,-0.9998476951563913
y_then_x,1,1.5707963267948966,6.123233995736766e-17,1.0,-1.0
y_then_x,2,0.0,6.123233995736766e-17,1.0,-1.0
y_then_x,2,0.017453292519943295,6.123233995736766e-17,1.0173001015936747,-0.9823952887191078
y_then_x,2,0.03490658503988659,6.123233995736766e-17,1.0342903237215968,-0.9644913303165948
y_then_x,2,0.05235987755982988,6.123233995736766e-17,1.0509654909975177,-0.94629357851163
y_then_x,2,0.06981317007977318,6.123233995736766e-17,1.0673205240039496,-0.9278075765156989
y_then_x,2,0.08726646259971647,6.123233995736766e-17,1.0833504408394037,-0.9090389553440874
y_then_x,2,0.10471975511965977,6.123233995736766e-17,1.0990503586359268,-0.8899934321006199
y_then_x,2,0.12217304763960307,6.123233995736766e-17,1.1144154950464695,-0.8706768082361745
y_then_x,2,0.13962634015954636,6.123233995736766e-17,1.1294411697016358,-0.851094967781505
y_then_x,2,0.15707963267948966,6.123233995736766e-17,1.1441228056353687,-0.8312538755549069
y_then_x,2,0.17453292519943295,6.123233995736766e-17,1.1584559306791384,-0.8111595753452777
y_then_x,2,0.19198621771937624,6.123233995736766e-17,1.1724361788242088,-0.7908181880711191
y_then_x,2,0.20943951023931953,6.123233995736766e-17,1.186059291551565,-0.7702359099160464
y_then_x,2,0.22689280275926285,6.123233995736766e-17,1.1993211191291002,-0.7494190104413703
y_then_x,2,0.24434609527920614,6.123233995736766e-17,1.2122176218756642,-0.7283738306763288
y_then_x,2,0.2617993877991494,6.123233995736766e-17,1.224744871391589,-0.7071067811865476
y_then_x,2,0.2792526803190927,6.123233995736766e-17,1.236899051755318,-0.6856243401213198
y_then_x,2,0.29670597283903605,6.123233995736766e-17,1.2486764606857723,-0.6639330512402987
y_then_x,2,0.3141592653589793,6.123233995736766e-17,1.2600735106701009,-0.6420395219202062
y_then_x,2,0.3316125578789226,6.123233995736766e-17,1.2710867300564734,-0.6199504211421603
y_then_x,2,0.3490658503988659,6.123233995736766e-17,1.281712764111577,-0.5976724774602398
y_then_x,2,0.3665191429188092,6.123233995736766e-17,1.2919483760425021,-0.5752124769519015
y_then_x,2,0.3839724354387525,6.123233995736766e-17,1.3017904479826994,-0.5525772611508755
y_then_x,2,0.40142572795869574,6.123233995736766e-17,1.311235981941714,-0.5297737249631667
y_then_x,2,0.41887902047863906,6.123233995736766e-17,1.320282100718401,-0.5068088145668007
y_then_x,2,0.4363323129985824,6.123233995736766e-17,1.3289260487773493,-0.4836895252959505
y_then_x,2,0.4537856055185257,6.123233995736766e-17,1.3371651930882444,-0.46042289951008963
y_then_x,2,0.47123889803846897,6.123233995736766e-17,1.3449970239279145,-0.43701602444882115
y_then_x,2,0.4886921905584123,6.123233995736766e-17,1.3524191556448177,-0.4134760300730362
y_then_x,2,0.5061454830783556,6.123233995736766e-17,1.3594293273857327,-0.3898100868930587
y_then_x,2,0.5235987755982988,6.123233995736766e-17,1.3660254037844386,-0.36602540378443876
y_then_x,2,0.5410520681182421,6.123233995736766e-17,1.3722053756121664,-0.3421292257920582
y_then_x,2,0.5585053606381855,6.123233995736766e-17,1.377967360389631,-0.31812883192322106
y_then_x,2,0.5759586531581288,6.123233995736766e-17,1.383309602960451,-0.29403153293039697
y_then_x,2,0.5934119456780721,6.123233995736766e-17,1.3882304760257886,-0.26984466908429483
y_then_x,2,0.6108652381980153,6.123233995736766e-17,1.392728480640038,-0.24557560793794575
y_then_x,2,0.6283185307179586,6.123233995736766e-17,1.3968022466674206,-0.22123174208247431
y_then_x,2,0.6457718232379019,6.123233995736766e-17,1.400450533199341,-0.19682048689524456
y_then_x,2,0.6632251157578452,6.123233995736766e-17,1.4036722289323802,-0.17234927828106383
y_then_x,2,0.6806784082777885,6.123233995736766e-17,1.4064663525068082,-0.1478255704071335
y_then_x,2,0.6981317007977318,6.123233995736766e-17,1.4088320528055172,-0.12325683343243876
y_then_x,2,0.715584993317675,6.123233995736766e-17,1.4107686092132792,-0.09865055123226485
y_then_x,2,0.7330382858376184,6.123233995736766e-17,1.4122754318362525,-0.074014219118536
y_then_x,2,0.7504915783575616,6.123233995736766e-17,1.413352061681669,-0.049355341556672094
y_then_x,2,0.767944870877505,6.123233995736766e-17,1.4139981707976483,-0.024681429879653938
y_then_x,2,0.7853981633974483,6.123233995736766e-17,1.4142135623730951,0.0
y_then_x,2,0.8028514559173915,6.123233995736766e-17,1.4139981707976483,0.024681429879653716
y_then_x,2,0.8203047484373349,6.123233995736766e-17,1.4133520616816688,0.04935534155667198
y_then_x,2,0.8377580409572781,6.123233995736766e-17,1.4122754318362523,0.0740142191185359
y_then_x,2,0.8552113334772214,6.123233995736766e-17,1.4107686092132794,0.09865055123226474
y_then_x,2,0.8726646259971648,6.123233995736766e-17,1.4088320528055174,0.12325683343243865
y_then_x,2,0.890117918517108,6.123233995736766e-17,1.4064663525068082,0.1478255704071333
y_then_x,2,0.9075712110370514,6.123233995736766e-17,1.4036722289323804,0.17234927828106372
y_then_x,2,0.9250245035569946,6.123233995736766e-17,1.4004505331993413,0.19682048689524445
y_then_x,2,0.9424777960769379,6.123233995736766e-17,1.3968022466674206,0.22123174208247431
y_then_x,2,0.9599310885968813,6.123233995736766e-17,1.392728480640038,0.24557560793794575
y_then_x,2,0.9773843811168246,6.123233995736766e-17,1.3882304760257886,0.26984466908429494
y_then_x,2,0.9948376736367678,6.123233995736766e-17,1.383309602960451,0.29403153293039674
y_then_x,2,1.0122909661567112,6.123233995736766e-17,1.377967360389631,0.31812883192322117
y_then_x,2,1.0297442586766543,6.123233995736766e-17,1.3722053756121664,0.34212922579205796
y_then_x,2,1.0471975511965976,6.123233995736766e-17,1.3660254037844388,0.3660254037844385
y_then_x,2,1.064650843716541,6.123233995736766e-17,1.3594293273857327,0.3898100868930586
y_then_x,2,1.0821041362364843,6.123233995736766e-17,1.3524191556448177,0.413476030073036
y_then_x,2,1.0995574287564276,6.123233995736766e-17,1.3449970239279145,0.437016024448821
y_then_x,2,1.117010721276371,6.123233995736766e-17,1.3371651930882444,0.4604228995100896
y_then_x,2,1.1344640137963142,6.123233995736766e-17,1.3289260487773493,0.4836895252959505
y_then_x,2,1.1519173063162575,6.123233995736766e-17,1.3202821007184011,0.5068088145668006
y_then_x,2,1.1693705988362006,6.123233995736766e-17,1.311235981941714,0.5297737249631663
y_then_x,2,1.1868238913561442,6.123233995736766e-17,1.3017904479826994,0.5525772611508755
y_then_x,2,1.2042771838760873,6.123233995736766e-17,1.2919483760425021,0.5752124769519014
y_then_x,2,1.2217304763960306,6.123233995736766e-17,1.281712764111577,0.5976724774602395
y_then_x,2,1.239183768915974,6.123233995736766e-17,1.2710867300564734,0.61995042114216
y_then_x,2,1.2566370614359172,6.123233995736766e-17,1.260073510670101,0.6420395219202061
y_then_x,2,1.2740903539558606,6.123233995736766e-17,1.2486764606857723,0.6639330512402987
y_then_x,2,1.2915436464758039,6.123233995736766e-17,1.236899051755318,0.6856243401213198
y_then_x,2,1.3089969389957472,6.123233995736766e-17,1.224744871391589,0.7071067811865476
y_then_x,2,1.3264502315156903,6.123233995736766e-17,1.2122176218756644,0.7283738306763285
y_then_x,2,1.3439035240356338,6.123233995736766e-17,1.1993211191291002,0.7494190104413703
y_then_x,2,1.361356816555577,6.123233995736766e-17,1.186059291551565,0.7702359099160461
y_then_x,2,1.3788101090755203,6.123233995736766e-17,1.1724361788242088,0.790818188071119
y_then_x,2,1.3962634015954636,6.123233995736766e-17,1.1584559306791384,0.8111595753452776
y_then_x,2,1.413716694115407,6.123233995736766e-17,1.1441228056353687,0.8312538755549068
y_then_x,2,1.43116998663535,6.123233995736766e-17,1.129441169701636,0.8510949677815045
y_then_x,2,1.4486232791552935,6.123233995736766e-17,1.1144154950464695,0.8706768082361744
y_then_x,2,1.4660765716752369,6.123233995736766e-17,1.0990503586359268,0.8899934321006199
y_then_x,2,1.4835298641951802,6.123233995736766e-17,1.0833504408394037,0.9090389553440874
y_then_x,2,1.5009831567151233,6.123233995736766e-17,1.0673205240039496,0.9278075765156988
y_then_x,2,1.5184364492350666,6.123233995736766e-17,1.050965490997518,0.9462935785116299
y_then_x,2,1.53588974175501,6.123233995736766e-17,1.0342903237215968,0.9644913303165947
y_then_x,2,1.5533430342749535,6.123233995736766e-17,1.0173001015936747,0.9823952887191079
y_then_x,2,1.5707963267948966,6.123233995736766e-17,1.0,0.9999999999999999
