input_x,input_y,exact_x,exact_y,linear_x,linear_y
1.0,0.0,6.123233995736766e-17,1.0,1.0,1.5707963267948966
0.9998476951563913,0.01745240643728351,-0.01745240643728345,0.9998476951563913,0.9724335192309748,1.5880094933432862
0.9993908270190958,0.03489949670250097,-0.03489949670250091,0.9993908270190958,0.9445708257918166,1.6047389368166105
0.9986295347545738,0.05233595624294383,-0.052335956242943765,0.9986295347545738,0.9164204069288593,1.6209795612643247
0.9975640502598242,0.0697564737441253,-0.06975647374412525,0.9975640502598242,0.8879908375323875,1.6367264196348965
0.9961946980917455,0.08715574274765817,-0.08715574274765811,0.9961946980917455,0.8592907775246431,1.6519747152827229
0.9945218953682733,0.10452846326765346,-0.1045284632676534,0.9945218953682733,0.830328969221928,1.6667198034292356
0.992546151641322,0.12186934340514748,-0.12186934340514742,0.992546151641322,0.8011142346716105,1.6809571925777465
0.9902680687415704,0.13917310096006544,-0.13917310096006538,0.9902680687415704,0.7716554729648443,1.6946825458816002
0.9876883405951378,0.15643446504023087,-0.1564344650402308,0.9876883405951378,0.7419616575258184,1.7078916824652202
0.984807753012208,0.17364817766693033,-0.17364817766693028,0.984807753012208,0.7120418333783662,1.7205805786976425
0.981627183447664,0.1908089953765448,-0.19080899537654475,0.981627183447664,0.6819051143907631,1.7327453694181554
0.9781476007338057,0.20791169081775931,-0.20791169081775926,0.9781476007338057,0.6515606804995531,1.7443823491136625
0.9743700647852352,0.224951054343865,-0.22495105434386495,0.9743700647852352,0.6210177749132529,1.755487973047418
0.9702957262759965,0.24192189559966773,-0.24192189559966767,0.9702957262759965,0.5902857012967799,1.7660588583387895
0.9659258262890683,0.25881904510252074,-0.2588190451025207,0.9659258262890683,0.5593738209374661,1.7760917849937146
0.9612616959383189,0.27563735581699916,-0.2756373558169991,0.9612616959383189,0.5282915498935187,1.7855836968855432
0.9563047559630354,0.29237170472273677,-0.2923717047227367,0.9563047559630354,0.4970483561257984,1.7945317026859628
0.9510565162951535,0.3090169943749474,-0.30901699437494734,0.9510565162951535,0.46565375661378694,1.8029330767457252
0.9455185755993168,0.32556815445715664,-0.3255681544571566,0.9455185755993168,0.4341173144566216,1.8107852599249064
0.9396926207859084,0.3420201433256687,-0.34202014332566866,0.9396926207859084,0.40244863596008396,1.8180858603724432
0.9335804264972017,0.35836794954530027,-0.3583679495453002,0.9335804264972017,0.37065736771042523,1.8248326542547177
0.9271838545667874,0.374606593415912,-0.37460659341591196,0.9271838545667874,0.3387531936359236,1.8310235864329552
0.9205048534524404,0.3907311284892737,-0.39073112848927366,0.9205048534524404,0.3067458320570645,1.8366567710892414
0.9135454576426009,0.40673664307580015,-0.4067366430758001,0.9135454576426009,0.2746450327262471,1.8417304923009603
0.9063077870366499,0.42261826174069944,-0.4226182617406994,0.9063077870366499,0.24246057385791508,1.8462432045634807
0.898794046299167,0.4383711467890774,-0.43837114678907735,0.898794046299167,0.2102022591500179,1.8501935332609312
0.8910065241883679,0.45399049973954675,-0.4539904997395467,0.8910065241883679,0.17787991479770837,1.8535802750849233
0.882947592858927,0.4694715627858908,-0.46947156278589075,0.882947592858927,0.14550338650019,1.8564023984010891
0.8746197071393957,0.48480962024633706,-0.484809620246337,0.8746197071393957,0.11308253646162081,1.858659043563328
0.8660254037844387,0.49999999999999994,-0.4999999999999999,0.8660254037844387,0.08062724038699054,1.8603495231756635
0.8571673007021123,0.5150380749100542,-0.5150380749100542,0.8571673007021123,0.04814738447388445,1.8614733223016287
0.848048096156426,0.5299192642332049,-0.5299192642332049,0.848048096156426,0.015652862401053458,1.862030098621124
0.838670567945424,0.5446390350150271,-0.5446390350150271,0.838670567945424,-0.016846427685297538,1.8620196825346889
0.8290375725550417,0.5591929034707469,-0.5591929034707469,0.8290375725550417,-0.04934058618658066,1.8614420772151639
0.8191520442889918,0.573576436351046,-0.573576436351046,0.8191520442889918,-0.0818197150673381,1.8602974586067247
0.8090169943749475,0.5877852522924731,-0.5877852522924731,0.8090169943749475,-0.11427392087028088,1.858586175371288
0.7986355100472928,0.6018150231520483,-0.6018150231520483,0.7986355100472928,-0.14669331772993022,1.8563087487823045
0.788010753606722,0.6156614753256582,-0.6156614753256582,0.788010753606722,-0.1790680303839487,1.8534658725659754
0.7771459614569709,0.6293203910498374,-0.6293203910498374,0.7771459614569709,-0.21138819718124158,1.8500584126899358
0.766044443118978,0.6427876096865393,-0.6427876096865393,0.766044443118978,-0.24364397308590957,1.846087407099472
0.754709580222772,0.6560590289905072,-0.6560590289905072,0.754709580222772,-0.2758255326761433,1.8415540654013558
0.7431448254773942,0.6691306063588582,-0.6691306063588582,0.7431448254773942,-0.30792307313714207,1.8364597684953836
0.7313537016191706,0.6819983600624985,-0.6819983600624985,0.7313537016191706,-0.33992681724714535,1.8308060681537426
0.7193398003386512,0.6946583704589973,-0.6946583704589973,0.7193398003386512,-0.37182701635567017,1.824594686548325
0.7071067811865476,0.7071067811865476,-0.7071067811865476,0.7071067811865476,-0.40361395335304395,1.817827515726139
0.6946583704589974,0.7193398003386511,-0.7193398003386511,0.6946583704589974,-0.43527794563033007,1.8105066170329727
0.6819983600624985,0.7313537016191705,-0.7313537016191705,0.6819983600624985,-0.4668093480287453,1.8026342204854864
0.6691306063588582,0.7431448254773941,-0.7431448254773941,0.6691306063588582,-0.4981985557776669,1.7942127240919303
0.6560590289905073,0.754709580222772,-0.754709580222772,0.6560590289905073,-0.5294360074203412,1.7852446931216872
0.6427876096865394,0.766044443118978,-0.766044443118978,0.6427876096865394,-0.5605121877263933,1.775732859323866
0.6293203910498375,0.7771459614569708,-0.7771459614569708,0.6293203910498375,-0.5914176305902605,1.7656801200951833
0.6156614753256583,0.788010753606722,-0.788010753606722,0.6156614753256583,-0.6221429219146589,1.755089537597393
0.6018150231520484,0.7986355100472928,-0.7986355100472928,0.6018150231520484,-0.6526787024782078,1.743964337824516
0.5877852522924731,0.8090169943749475,-0.8090169943749475,0.5877852522924731,-0.6830156707863417,1.7323079096201757
0.573576436351046,0.8191520442889918,-0.8191520442889918,0.573576436351046,-0.7131445859046326,1.7201238036453217
0.5591929034707468,0.8290375725550417,-0.8290375725550417,0.5591929034707468,-0.7430562702736703,1.7074157312966638
0.5446390350150272,0.8386705679454239,-0.8386705679454239,0.5446390350150272,-0.7727416125046345,1.6941875635761456
0.5299192642332049,0.8480480961564261,-0.8480480961564261,0.5299192642332049,-0.8021915701547144,1.6804433299117987
0.5150380749100543,0.8571673007021122,-0.8571673007021122,0.5150380749100543,-0.8313971724815201,1.6661872169303402
0.5000000000000001,0.8660254037844386,-0.8660254037844386,0.5000000000000001,-0.8603495231756632,1.651423567181887
0.4848096202463371,0.8746197071393957,-0.8746197071393957,0.48480962024633717,-0.8890398030706538,1.6361568778171707
0.46947156278589086,0.8829475928589269,-0.8829475928589269,0.4694715627858909,-0.9174592728293073,1.6203917992176637
0.4539904997395468,0.8910065241883678,-0.8910065241883678,0.45399049973954686,-0.9455992756058296,1.6041331335790274
0.43837114678907746,0.898794046299167,-0.898794046299167,0.4383711467890775,-0.9734512396827764,1.5873858334483164
0.42261826174069944,0.9063077870366499,-0.9063077870366499,0.4226182617406995,-1.0010066810820817,1.5701550002153848
0.4067366430758002,0.9135454576426009,-0.9135454576426009,0.40673664307580026,-1.02825720614936,1.5524458825589549
0.39073112848927394,0.9205048534524403,-0.9205048534524403,0.390731128489274,-1.0551945141106938,1.5342638748478166
0.37460659341591196,0.9271838545667874,-0.9271838545667874,0.374606593415912,-1.0818103996011312,1.5156145154976512
0.3583679495453004,0.9335804264972017,-0.9335804264972017,0.35836794954530043,-1.1080967551641172,1.4965034852839785
0.3420201433256688,0.9396926207859083,-0.9396926207859083,0.3420201433256689,-1.1340455737211055,1.476936605611733
0.32556815445715676,0.9455185755993167,-0.9455185755993167,0.3255681544571568,-1.1596489510105927,1.4569198367420122
0.30901699437494745,0.9510565162951535,-0.9510565162951535,0.3090169943749475,-1.1848990879958303,1.4364592759765202
0.29237170472273677,0.9563047559630354,-0.9563047559630354,0.2923717047227368,-1.2097882932404893,1.4155611558002725
0.27563735581699916,0.9612616959383189,-0.9612616959383189,0.2756373558169992,-1.234308985251545,1.3942318419831192
0.25881904510252074,0.9659258262890683,-0.9659258262890683,0.2588190451025208,-1.258453694788673,1.3724778316406705
0.2419218955996679,0.9702957262759965,-0.9702957262759965,0.24192189559966795,-1.2822150671394539,1.3503057512552132
0.22495105434386492,0.9743700647852352,-0.9743700647852352,0.22495105434386498,-1.305585864359688,1.3277223546572174
0.20791169081775945,0.9781476007338056,-0.9781476007338056,0.2079116908177595,-1.3285589674781435,1.3047345209680583
0.19080899537654492,0.981627183447664,-0.981627183447664,0.19080899537654497,-1.3511273786650657,1.281349252504565
0.17364817766693041,0.984807753012208,-0.984807753012208,0.17364817766693047,-1.3732842233637816,1.2575736726460498
0.15643446504023092,0.9876883405951378,-0.9876883405951378,0.15643446504023098,-1.3950227523847583,1.2334150236644572
0.1391731009600657,0.9902680687415703,-0.9902680687415703,0.13917310096006574,-1.4163363439614691,1.2088806645182968
0.12186934340514749,0.992546151641322,-0.992546151641322,0.12186934340514755,-1.4372185057674516,1.1839780686110335
0.10452846326765346,0.9945218953682733,-0.9945218953682733,0.10452846326765351,-1.4576628768939286,1.1587148215146186
0.08715574274765814,0.9961946980917455,-0.9961946980917455,0.0871557427476582,-1.4776632297874066,1.1330986186588479
0.06975647374412546,0.9975640502598242,-0.9975640502598242,0.06975647374412551,-1.497213472146646,1.1071372629872611
0.052335956242943966,0.9986295347545738,-0.9986295347545738,0.05233595624294403,-1.516307648778437,1.0808386625802886
0.03489949670250108,0.9993908270190958,-0.9993908270190958,0.03489949670250114,-1.5349399434116084,1.0542108282463751
0.017452406437283376,0.9998476951563913,-0.9998476951563913,0.01745240643728344,-1.5531046804687194,1.0272618710818076
6.123233995736766e-17,1.0,-1.0,1.2246467991473532e-16,-1.5707963267948966,1.0
-0.017452406437283477,0.9998476951563913,-0.9998476951563913,-0.017452406437283415,-1.5880094933432862,0.9724335192309748
-0.03489949670250073,0.9993908270190958,-0.9993908270190958,-0.03489949670250067,-1.6047389368166103,0.9445708257918171
-0.05233595624294362,0.9986295347545738,-0.9986295347545738,-0.05233595624294356,-1.6209795612643245,0.9164204069288595
-0.06975647374412533,0.9975640502598242,-0.9975640502598242,-0.06975647374412527,-1.6367264196348967,0.8879908375323875
-0.08715574274765824,0.9961946980917455,-0.9961946980917455,-0.08715574274765818,-1.6519747152827229,0.859290777524643
-0.10452846326765333,0.9945218953682734,-0.9945218953682734,-0.10452846326765328,-1.6667198034292356,0.8303289692219282
-0.12186934340514737,0.9925461516413221,-0.9925461516413221,-0.12186934340514731,-1.6809571925777467,0.8011142346716108
-0.13917310096006535,0.9902680687415704,-0.9902680687415704,-0.1391731009600653,-1.6946825458816002,0.7716554729648444
-0.15643446504023104,0.9876883405951377,-0.9876883405951377,-0.15643446504023098,-1.70789168246522,0.7419616575258181
-0.1736481776669303,0.984807753012208,-0.984807753012208,-0.17364817766693025,-1.7205805786976425,0.7120418333783662
-0.1908089953765448,0.981627183447664,-0.981627183447664,-0.19080899537654475,-1.7327453694181554,0.6819051143907631
-0.20791169081775912,0.9781476007338057,-0.9781476007338057,-0.20791169081775907,-1.7443823491136623,0.6515606804995535
-0.2249510543438648,0.9743700647852352,-0.9743700647852352,-0.22495105434386475,-1.7554879730474178,0.6210177749132533
-0.24192189559966779,0.9702957262759965,-0.9702957262759965,-0.24192189559966773,-1.7660588583387895,0.5902857012967799
-0.25881904510252085,0.9659258262890683,-0.9659258262890683,-0.2588190451025208,-1.7760917849937146,0.5593738209374659
-0.27563735581699905,0.9612616959383189,-0.9612616959383189,-0.275637355816999,-1.7855836968855432,0.5282915498935188
-0.29237170472273666,0.9563047559630355,-0.9563047559630355,-0.2923717047227366,-1.7945317026859628,0.4970483561257987
-0.30901699437494734,0.9510565162951536,-0.9510565162951536,-0.3090169943749473,-1.8029330767457252,0.46565375661378716
-0.3255681544571564,0.9455185755993168,-0.9455185755993168,-0.32556815445715637,-1.8107852599249061,0.43411731445662205
-0.3420201433256687,0.9396926207859084,-0.9396926207859084,-0.34202014332566866,-1.8180858603724432,0.40244863596008396
-0.35836794954530027,0.9335804264972017,-0.9335804264972017,-0.3583679495453002,-1.8248326542547177,0.37065736771042523
-0.37460659341591207,0.9271838545667874,-0.9271838545667874,-0.374606593415912,-1.8310235864329552,0.3387531936359235
-0.3907311284892736,0.9205048534524404,-0.9205048534524404,-0.39073112848927355,-1.8366567710892414,0.3067458320570646
-0.4067366430758001,0.913545457642601,-0.913545457642601,-0.40673664307580004,-1.8417304923009605,0.2746450327262473
-0.42261826174069933,0.90630778703665,-0.90630778703665,-0.4226182617406993,-1.8462432045634805,0.24246057385791542
-0.4383711467890775,0.8987940462991669,-0.8987940462991669,-0.43837114678907746,-1.850193533260931,0.21020225915001756
-0.45399049973954675,0.8910065241883679,-0.8910065241883679,-0.4539904997395467,-1.8535802750849233,0.17787991479770837
-0.46947156278589053,0.8829475928589271,-0.8829475928589271,-0.4694715627858905,-1.8564023984010891,0.14550338650019057
-0.484809620246337,0.8746197071393959,-0.8746197071393959,-0.48480962024633695,-1.8586590435633281,0.11308253646162092
-0.4999999999999998,0.8660254037844387,-0.8660254037844387,-0.4999999999999997,-1.8603495231756633,0.08062724038699076
-0.5150380749100543,0.8571673007021123,-0.8571673007021123,-0.5150380749100543,-1.8614733223016289,0.048147384473884336
-0.5299192642332048,0.8480480961564261,-0.8480480961564261,-0.5299192642332048,-1.862030098621124,0.01565286240105379
-0.5446390350150271,0.838670567945424,-0.838670567945424,-0.5446390350150271,-1.8620196825346889,-0.016846427685297538
-0.5591929034707467,0.8290375725550417,-0.8290375725550417,-0.5591929034707467,-1.8614420772151639,-0.049340586186580326
-0.5735764363510458,0.819152044288992,-0.819152044288992,-0.5735764363510458,-1.860297458606725,-0.08181971506733754
-0.587785252292473,0.8090169943749475,-0.8090169943749475,-0.587785252292473,-1.858586175371288,-0.11427392087028077
-0.6018150231520484,0.7986355100472927,-0.7986355100472927,-0.6018150231520484,-1.8563087487823045,-0.14669331772993055
-0.6156614753256583,0.788010753606722,-0.788010753606722,-0.6156614753256583,-1.8534658725659754,-0.17906803038394892
-0.6293203910498373,0.777145961456971,-0.777145961456971,-0.6293203910498373,-1.8500584126899355,-0.21138819718124124
-0.6427876096865394,0.766044443118978,-0.766044443118978,-0.6427876096865394,-1.8460874070994722,-0.2436439730859098
-0.6560590289905075,0.7547095802227718,-0.7547095802227718,-0.6560590289905075,-1.8415540654013558,-0.27582553267614396
-0.6691306063588582,0.7431448254773942,-0.7431448254773942,-0.6691306063588582,-1.8364597684953836,-0.30792307313714207
-0.6819983600624984,0.7313537016191706,-0.7313537016191706,-0.6819983600624984,-1.8308060681537424,-0.33992681724714513
-0.694658370458997,0.7193398003386514,-0.7193398003386514,-0.694658370458997,-1.824594686548325,-0.3718270163556695
-0.7071067811865475,0.7071067811865476,-0.7071067811865476,-0.7071067811865475,-1.817827515726139,-0.40361395335304395
-0.7193398003386513,0.6946583704589971,-0.6946583704589971,-0.7193398003386513,-1.8105066170329724,-0.4352779456303305
-0.7313537016191705,0.6819983600624985,-0.6819983600624985,-0.7313537016191705,-1.8026342204854864,-0.4668093480287453
-0.7431448254773941,0.6691306063588583,-0.6691306063588583,-0.7431448254773941,-1.7942127240919308,-0.4981985557776668
-0.754709580222772,0.6560590289905073,-0.6560590289905073,-0.754709580222772,-1.7852446931216872,-0.5294360074203412
-0.7660444431189779,0.6427876096865395,-0.6427876096865395,-0.7660444431189779,-1.7757328593238657,-0.560512187726393
-0.7771459614569707,0.6293203910498377,-0.6293203910498377,-0.7771459614569707,-1.7656801200951837,-0.5914176305902601
-0.7880107536067219,0.6156614753256584,-0.6156614753256584,-0.7880107536067219,-1.755089537597393,-0.6221429219146586
-0.7986355100472929,0.6018150231520482,-0.6018150231520482,-0.7986355100472929,-1.7439643378245158,-0.6526787024782083
-0.8090169943749473,0.5877852522924732,-0.5877852522924732,-0.8090169943749473,-1.732307909620176,-0.6830156707863416
-0.8191520442889916,0.5735764363510464,-0.5735764363510464,-0.8191520442889916,-1.720123803645322,-0.713144585904632
-0.8290375725550416,0.5591929034707469,-0.5591929034707469,-0.8290375725550416,-1.707415731296664,-0.7430562702736699
-0.8386705679454242,0.5446390350150269,-0.5446390350150269,-0.8386705679454242,-1.6941875635761454,-0.772741612504635
-0.848048096156426,0.5299192642332049,-0.5299192642332049,-0.848048096156426,-1.6804433299117985,-0.8021915701547142
-0.8571673007021122,0.5150380749100544,-0.5150380749100544,-0.8571673007021122,-1.6661872169303404,-0.83139717248152
-0.8660254037844387,0.49999999999999994,-0.5,-0.8660254037844387,-1.6514235671818869,-0.8603495231756635
-0.8746197071393957,0.48480962024633717,-0.4848096202463372,-0.8746197071393957,-1.636156877817171,-0.8890398030706537
-0.8829475928589268,0.4694715627858911,-0.46947156278589114,-0.8829475928589268,-1.6203917992176642,-0.9174592728293068
-0.8910065241883678,0.45399049973954686,-0.4539904997395469,-0.8910065241883678,-1.6041331335790274,-0.9455992756058295
-0.898794046299167,0.4383711467890773,-0.43837114678907735,-0.898794046299167,-1.587385833448316,-0.9734512396827765
-0.9063077870366499,0.4226182617406995,-0.42261826174069955,-0.9063077870366499,-1.5701550002153848,-1.0010066810820817
-0.9135454576426008,0.40673664307580043,-0.4067366430758005,-0.9135454576426008,-1.5524458825589549,-1.0282572061493596
-0.9205048534524402,0.39073112848927416,-0.3907311284892742,-0.9205048534524402,-1.5342638748478168,-1.0551945141106933
-0.9271838545667873,0.37460659341591224,-0.3746065934159123,-0.9271838545667873,-1.5156145154976515,-1.081810399601131
-0.9335804264972017,0.3583679495453002,-0.35836794954530027,-0.9335804264972017,-1.496503485283978,-1.1080967551641172
-0.9396926207859083,0.3420201433256689,-0.34202014332566893,-0.9396926207859083,-1.476936605611733,-1.1340455737211055
-0.9455185755993167,0.32556815445715703,-0.3255681544571571,-0.9455185755993167,-1.4569198367420126,-1.1596489510105923
-0.9510565162951535,0.3090169943749475,-0.30901699437494756,-0.9510565162951535,-1.4364592759765202,-1.1848990879958303
-0.9563047559630354,0.29237170472273705,-0.2923717047227371,-0.9563047559630354,-1.415561155800273,-1.209788293240489
-0.9612616959383187,0.27563735581699966,-0.2756373558169997,-0.9612616959383187,-1.3942318419831197,-1.2343089852515439
-0.9659258262890682,0.258819045102521,-0.2588190451025211,-0.9659258262890682,-1.372477831640671,-1.2584536947886726
-0.9702957262759965,0.24192189559966773,-0.24192189559966779,-0.9702957262759965,-1.350305751255213,-1.2822150671394539
-0.9743700647852352,0.22495105434386478,-0.22495105434386484,-0.9743700647852352,-1.3277223546572172,-1.305585864359688
-0.9781476007338057,0.20791169081775931,-0.20791169081775937,-0.9781476007338057,-1.3047345209680583,-1.3285589674781437
-0.981627183447664,0.19080899537654497,-0.19080899537654503,-0.981627183447664,-1.2813492525045653,-1.3511273786650655
-0.984807753012208,0.17364817766693028,-0.17364817766693033,-0.984807753012208,-1.2575736726460498,-1.3732842233637819
-0.9876883405951377,0.15643446504023098,-0.15643446504023104,-0.9876883405951377,-1.2334150236644572,-1.395022752384758
-0.9902680687415703,0.13917310096006574,-0.1391731009600658,-0.9902680687415703,-1.2088806645182968,-1.416336343961469
-0.992546151641322,0.12186934340514755,-0.1218693434051476,-0.992546151641322,-1.1839780686110335,-1.4372185057674516
-0.9945218953682733,0.10452846326765373,-0.10452846326765379,-0.9945218953682733,-1.158714821514619,-1.4576628768939284
-0.9961946980917455,0.08715574274765864,-0.0871557427476587,-0.9961946980917455,-1.1330986186588488,-1.4776632297874062
-0.9975640502598242,0.06975647374412552,-0.06975647374412558,-0.9975640502598242,-1.1071372629872611,-1.4972134721466457
-0.9986295347545738,0.05233595624294381,-0.05233595624294387,-0.9986295347545738,-1.0808386625802884,-1.5163076487784373
-0.9993908270190958,0.0348994967025007,-0.03489949670250076,-0.9993908270190958,-1.0542108282463745,-1.5349399434116089
-0.9998476951563913,0.01745240643728344,-0.0174524064372835,-0.9998476951563913,-1.0272618710818078,-1.5531046804687194
-1.0,1.2246467991473532e-16,-1.8369701987210297e-16,-1.0,-1.0000000000000002,-1.5707963267948963
-0.9998476951563913,-0.017452406437283192,0.01745240643728313,-0.9998476951563913,-0.9724335192309752,-1.588009493343286
-0.9993908270190958,-0.0348994967025009,0.03489949670250084,-0.9993908270190958,-0.9445708257918167,-1.6047389368166105
-0.9986295347545738,-0.052335956242943564,0.0523359562429435,-0.9986295347545738,-0.9164204069288596,-1.6209795612643245
-0.9975640502598243,-0.06975647374412483,0.06975647374412478,-0.9975640502598243,-0.8879908375323884,-1.6367264196348963
-0.9961946980917455,-0.08715574274765794,0.08715574274765789,-0.9961946980917455,-0.8592907775246434,-1.6519747152827227
-0.9945218953682734,-0.10452846326765305,0.104528463267653,-0.9945218953682734,-0.8303289692219287,-1.6667198034292354
-0.992546151641322,-0.12186934340514774,0.12186934340514768,-0.992546151641322,-0.80111423467161,-1.6809571925777467
-0.9902680687415703,-0.13917310096006552,0.13917310096006547,-0.9902680687415703,-0.771655472964844,-1.6946825458816002
-0.9876883405951378,-0.15643446504023073,0.15643446504023067,-0.9876883405951378,-0.7419616575258187,-1.70789168246522
-0.984807753012208,-0.17364817766693047,0.17364817766693041,-0.984807753012208,-0.712041833378366,-1.7205805786976427
-0.981627183447664,-0.19080899537654472,0.19080899537654467,-0.981627183447664,-0.6819051143907631,-1.7327453694181552
-0.9781476007338057,-0.20791169081775907,0.207911690817759,-0.9781476007338057,-0.6515606804995535,-1.7443823491136623
-0.9743700647852352,-0.22495105434386498,0.22495105434386492,-0.9743700647852352,-0.621017774913253,-1.7554879730474178
-0.9702957262759965,-0.2419218955996675,0.24192189559966745,-0.9702957262759965,-0.5902857012967804,-1.7660588583387893
-0.9659258262890684,-0.25881904510252035,0.2588190451025203,-0.9659258262890684,-0.5593738209374668,-1.7760917849937143
-0.9612616959383189,-0.275637355816999,0.27563735581699894,-0.9612616959383189,-0.528291549893519,-1.785583696885543
-0.9563047559630355,-0.2923717047227364,0.2923717047227363,-0.9563047559630355,-0.4970483561257991,-1.7945317026859624
-0.9510565162951535,-0.30901699437494773,0.3090169943749477,-0.9510565162951535,-0.46565375661378644,-1.8029330767457254
-0.9455185755993167,-0.32556815445715676,0.3255681544571567,-0.9455185755993167,-0.4341173144566214,-1.8107852599249061
-0.9396926207859084,-0.34202014332566866,0.3420201433256686,-0.9396926207859084,-0.40244863596008407,-1.8180858603724432
-0.9335804264972017,-0.35836794954530043,0.3583679495453004,-0.9335804264972017,-0.370657367710425,-1.824832654254718
-0.9271838545667874,-0.374606593415912,0.37460659341591196,-0.9271838545667874,-0.3387531936359236,-1.8310235864329552
-0.9205048534524404,-0.39073112848927355,0.3907311284892735,-0.9205048534524404,-0.30674583205706474,-1.8366567710892414
-0.9135454576426011,-0.4067366430757998,0.40673664307579976,-0.9135454576426011,-0.27464503272624785,-1.8417304923009605
-0.90630778703665,-0.4226182617406993,0.4226182617406992,-0.90630778703665,-0.24246057385791542,-1.8462432045634805
-0.8987940462991671,-0.43837114678907707,0.438371146789077,-0.8987940462991671,-0.21020225915001844,-1.850193533260931
-0.8910065241883681,-0.45399049973954625,0.4539904997395462,-0.8910065241883681,-0.17787991479770948,-1.853580275084923
-0.8829475928589269,-0.46947156278589086,0.4694715627858908,-0.8829475928589269,-0.1455033865001899,-1.8564023984010891
-0.8746197071393959,-0.48480962024633695,0.4848096202463369,-0.8746197071393959,-0.11308253646162103,-1.8586590435633281
-0.8660254037844386,-0.5000000000000001,0.5000000000000001,-0.8660254037844386,-0.0806272403869901,-1.8603495231756635
-0.8571673007021123,-0.5150380749100542,0.5150380749100542,-0.8571673007021123,-0.04814738447388445,-1.8614733223016287
-0.8480480961564261,-0.5299192642332048,0.5299192642332048,-0.8480480961564261,-0.01565286240105379,-1.862030098621124
-0.838670567945424,-0.5446390350150271,0.5446390350150271,-0.838670567945424,0.016846427685297538,-1.8620196825346889
-0.8290375725550417,-0.5591929034707467,0.5591929034707467,-0.8290375725550417,0.049340586186580326,-1.8614420772151639
-0.819152044288992,-0.5735764363510458,0.5735764363510458,-0.819152044288992,0.08181971506733754,-1.860297458606725
-0.8090169943749475,-0.587785252292473,0.587785252292473,-0.8090169943749475,0.11427392087028077,-1.858586175371288
-0.798635510047293,-0.601815023152048,0.601815023152048,-0.798635510047293,0.14669331772992966,-1.8563087487823047
-0.7880107536067222,-0.6156614753256578,0.6156614753256578,-0.7880107536067222,0.17906803038394792,-1.8534658725659754
-0.7771459614569708,-0.6293203910498376,0.6293203910498376,-0.7771459614569708,0.21138819718124202,-1.8500584126899358
-0.766044443118978,-0.6427876096865393,0.6427876096865393,-0.766044443118978,0.24364397308590957,-1.846087407099472
-0.7547095802227719,-0.6560590289905074,0.6560590289905074,-0.7547095802227719,0.2758255326761436,-1.8415540654013558
-0.7431448254773942,-0.6691306063588582,0.6691306063588582,-0.7431448254773942,0.30792307313714207,-1.8364597684953836
-0.7313537016191706,-0.6819983600624984,0.6819983600624984,-0.7313537016191706,0.33992681724714513,-1.8308060681537424
-0.7193398003386511,-0.6946583704589973,0.6946583704589973,-0.7193398003386511,0.3718270163556703,-1.8245946865483247
-0.7071067811865477,-0.7071067811865475,0.7071067811865475,-0.7071067811865477,0.40361395335304384,-1.8178275157261392
-0.6946583704589975,-0.7193398003386509,0.7193398003386509,-0.6946583704589975,0.4352779456303295,-1.8105066170329727
-0.6819983600624989,-0.7313537016191701,0.7313537016191701,-0.6819983600624989,0.4668093480287444,-1.8026342204854866
-0.6691306063588585,-0.743144825477394,0.743144825477394,-0.6691306063588585,0.4981985557776665,-1.7942127240919308
-0.6560590289905077,-0.7547095802227717,0.7547095802227717,-0.6560590289905077,0.5294360074203404,-1.7852446931216877
-0.6427876096865395,-0.7660444431189779,0.7660444431189779,-0.6427876096865395,0.560512187726393,-1.7757328593238657
-0.6293203910498371,-0.7771459614569711,0.7771459614569711,-0.6293203910498371,0.5914176305902614,-1.765680120095183
-0.6156614753256581,-0.7880107536067221,0.7880107536067221,-0.6156614753256581,0.6221429219146594,-1.7550895375973927
-0.6018150231520483,-0.7986355100472928,0.7986355100472928,-0.6018150231520483,0.6526787024782079,-1.743964337824516
-0.5877852522924732,-0.8090169943749473,0.8090169943749473,-0.5877852522924732,0.6830156707863416,-1.732307909620176
-0.5735764363510464,-0.8191520442889916,0.8191520442889916,-0.5735764363510464,0.713144585904632,-1.720123803645322
-0.5591929034707472,-0.8290375725550414,0.8290375725550414,-0.5591929034707472,0.7430562702736694,-1.7074157312966642
-0.544639035015027,-0.8386705679454242,0.8386705679454242,-0.544639035015027,0.7727416125046349,-1.6941875635761456
-0.529919264233205,-0.848048096156426,0.848048096156426,-0.529919264233205,0.8021915701547141,-1.6804433299117987
-0.5150380749100544,-0.8571673007021121,0.8571673007021121,-0.5150380749100544,0.8313971724815198,-1.6661872169303402
-0.5000000000000004,-0.8660254037844385,0.8660254037844385,-0.5000000000000004,0.8603495231756626,-1.6514235671818875
-0.48480962024633684,-0.8746197071393959,0.8746197071393959,-0.4848096202463369,0.8890398030706543,-1.6361568778171705
-0.46947156278589075,-0.882947592858927,0.882947592858927,-0.4694715627858908,0.9174592728293076,-1.6203917992176637
-0.4539904997395469,-0.8910065241883678,0.8910065241883678,-0.45399049973954697,0.9455992756058293,-1.6041331335790274
-0.43837114678907774,-0.8987940462991668,0.8987940462991668,-0.4383711467890778,0.9734512396827756,-1.5873858334483164
-0.42261826174069994,-0.9063077870366497,0.9063077870366497,-0.4226182617407,1.0010066810820808,-1.5701550002153852
-0.4067366430758001,-0.913545457642601,0.913545457642601,-0.40673664307580015,1.0282572061493602,-1.5524458825589547
-0.3907311284892738,-0.9205048534524403,0.9205048534524403,-0.3907311284892739,1.055194514110694,-1.5342638748478163
-0.3746065934159123,-0.9271838545667873,0.9271838545667873,-0.37460659341591235,1.0818103996011308,-1.5156145154976515
-0.3583679495453007,-0.9335804264972016,0.9335804264972016,-0.35836794954530077,1.1080967551641165,-1.496503485283979
-0.3420201433256694,-0.9396926207859082,0.9396926207859082,-0.34202014332566943,1.134045573721105,-1.4769366056117337
-0.32556815445715664,-0.9455185755993168,0.9455185755993168,-0.3255681544571567,1.159648951010593,-1.4569198367420122
-0.30901699437494756,-0.9510565162951535,0.9510565162951535,-0.3090169943749476,1.1848990879958303,-1.4364592759765205
-0.2923717047227371,-0.9563047559630353,0.9563047559630353,-0.29237170472273716,1.2097882932404889,-1.415561155800273
-0.2756373558169989,-0.961261695938319,0.961261695938319,-0.27563735581699894,1.2343089852515454,-1.3942318419831188
-0.25881904510252063,-0.9659258262890683,0.9659258262890683,-0.2588190451025207,1.258453694788673,-1.3724778316406705
-0.24192189559966779,-0.9702957262759965,0.9702957262759965,-0.24192189559966784,1.2822150671394539,-1.350305751255213
-0.22495105434386525,-0.9743700647852351,0.9743700647852351,-0.2249510543438653,1.3055858643596874,-1.3277223546572179
-0.2079116908177598,-0.9781476007338056,0.9781476007338056,-0.20791169081775984,1.328558967478143,-1.3047345209680588
-0.19080899537654547,-0.9816271834476639,0.9816271834476639,-0.19080899537654553,1.351127378665065,-1.2813492525045658
-0.17364817766693033,-0.984807753012208,0.984807753012208,-0.1736481776669304,1.3732842233637819,-1.2575736726460498
-0.15643446504023104,-0.9876883405951377,0.9876883405951377,-0.1564344650402311,1.395022752384758,-1.2334150236644572
-0.13917310096006494,-0.9902680687415704,0.9902680687415704,-0.139173100960065,1.4163363439614698,-1.2088806645182957
-0.12186934340514717,-0.9925461516413221,0.9925461516413221,-0.12186934340514723,1.437218505767452,-1.183978068611033
-0.10452846326765336,-0.9945218953682734,0.9945218953682734,-0.10452846326765342,1.457662876893929,-1.1587148215146186
-0.08715574274765825,-0.9961946980917455,0.9961946980917455,-0.0871557427476583,1.4776632297874066,-1.133098618658848
-0.06975647374412558,-0.9975640502598242,0.9975640502598242,-0.06975647374412564,1.4972134721466457,-1.1071372629872613
-0.052335956242944306,-0.9986295347545738,0.9986295347545738,-0.05233595624294437,1.5163076487784366,-1.0808386625802893
-0.03489949670250165,-0.9993908270190957,0.9993908270190957,-0.03489949670250171,1.5349399434116078,-1.0542108282463758
-0.017452406437283498,-0.9998476951563913,0.9998476951563913,-0.01745240643728356,1.5531046804687194,-1.0272618710818078
-1.8369701987210297e-16,-1.0,1.0,-2.4492935982947064e-16,1.5707963267948963,-1.0000000000000002
0.01745240643728313,-0.9998476951563913,0.9998476951563913,0.017452406437283068,1.588009493343286,-0.9724335192309753
0.03489949670250128,-0.9993908270190958,0.9993908270190958,0.03489949670250122,1.604738936816611,-0.9445708257918162
0.052335956242943946,-0.9986295347545738,0.9986295347545738,0.05233595624294388,1.620979561264325,-0.9164204069288591
0.06975647374412522,-0.9975640502598243,0.9975640502598243,0.06975647374412516,1.6367264196348967,-0.8879908375323877
0.08715574274765789,-0.9961946980917455,0.9961946980917455,0.08715574274765783,1.6519747152827227,-0.8592907775246436
0.10452846326765299,-0.9945218953682734,0.9945218953682734,0.10452846326765293,1.6667198034292354,-0.8303289692219288
0.12186934340514768,-0.992546151641322,0.992546151641322,0.12186934340514763,1.6809571925777467,-0.8011142346716101
0.13917310096006547,-0.9902680687415704,0.9902680687415704,0.1391731009600654,1.6946825458816002,-0.7716554729648443
0.15643446504023067,-0.9876883405951378,0.9876883405951378,0.15643446504023062,1.70789168246522,-0.7419616575258188
0.17364817766692997,-0.9848077530122081,0.9848077530122081,0.17364817766692991,1.7205805786976422,-0.7120418333783669
0.19080899537654425,-0.9816271834476641,0.9816271834476641,0.1908089953765442,1.732745369418155,-0.681905114390764
0.20791169081775857,-0.9781476007338058,0.9781476007338058,0.2079116908177585,1.7443823491136616,-0.6515606804995544
0.22495105434386492,-0.9743700647852352,0.9743700647852352,0.22495105434386486,1.7554879730474178,-0.621017774913253
0.24192189559966742,-0.9702957262759966,0.9702957262759966,0.24192189559966737,1.7660588583387893,-0.5902857012967806
0.25881904510252113,-0.9659258262890682,0.9659258262890682,0.2588190451025211,1.7760917849937148,-0.5593738209374653
0.2756373558169994,-0.9612616959383188,0.9612616959383188,0.27563735581699933,1.7855836968855432,-0.5282915498935182
0.2923717047227367,-0.9563047559630354,0.9563047559630354,0.29237170472273666,1.7945317026859628,-0.4970483561257985
0.30901699437494723,-0.9510565162951536,0.9510565162951536,0.3090169943749472,1.8029330767457252,-0.46565375661378733
0.3255681544571563,-0.945518575599317,0.945518575599317,0.32556815445715626,1.8107852599249061,-0.43411731445662227
0.34202014332566816,-0.9396926207859085,0.9396926207859085,0.3420201433256681,1.818085860372443,-0.40244863596008495
0.35836794954529955,-0.9335804264972021,0.9335804264972021,0.3583679495452995,1.8248326542547175,-0.3706573677104267
0.37460659341591196,-0.9271838545667874,0.9271838545667874,0.3746065934159119,1.8310235864329552,-0.3387531936359236
0.3907311284892735,-0.9205048534524405,0.9205048534524405,0.39073112848927344,1.8366567710892414,-0.30674583205706496
0.40673664307580054,-0.9135454576426008,0.9135454576426008,0.4067366430758005,1.8417304923009605,-0.2746450327262464
0.4226182617406996,-0.9063077870366498,0.9063077870366498,0.42261826174069955,1.8462432045634807,-0.24246057385791475
0.4383711467890774,-0.898794046299167,0.898794046299167,0.43837114678907735,1.8501935332609312,-0.2102022591500179
0.45399049973954664,-0.891006524188368,0.891006524188368,0.4539904997395466,1.8535802750849233,-0.1778799147977087
0.4694715627858904,-0.8829475928589271,0.8829475928589271,0.46947156278589036,1.8564023984010891,-0.1455033865001908
0.4848096202463365,-0.8746197071393961,0.8746197071393961,0.48480962024633645,1.8586590435633281,-0.11308253646162203
0.5000000000000001,-0.8660254037844386,0.8660254037844386,0.5000000000000001,1.8603495231756635,-0.0806272403869901
0.5150380749100542,-0.8571673007021123,0.8571673007021123,0.5150380749100542,1.8614733223016287,-0.04814738447388445
0.5299192642332047,-0.8480480961564261,0.8480480961564261,0.5299192642332047,1.862030098621124,-0.015652862401053902
0.5446390350150266,-0.8386705679454243,0.8386705679454243,0.5446390350150266,1.8620196825346889,0.01684642768529665
0.5591929034707462,-0.8290375725550421,0.8290375725550421,0.5591929034707462,1.8614420772151639,0.04934058618657933
0.573576436351046,-0.8191520442889918,0.8191520442889918,0.573576436351046,1.8602974586067247,0.0818197150673381
0.5877852522924729,-0.8090169943749476,0.8090169943749476,0.5877852522924729,1.858586175371288,0.11427392087028043
0.6018150231520479,-0.798635510047293,0.798635510047293,0.6018150231520479,1.8563087487823045,0.14669331772992944
0.6156614753256585,-0.7880107536067218,0.7880107536067218,0.6156614753256585,1.8534658725659754,0.17906803038394947
0.6293203910498375,-0.7771459614569708,0.7771459614569708,0.6293203910498375,1.8500584126899355,0.2113881971812418
0.6427876096865393,-0.7660444431189781,0.7660444431189781,0.6427876096865393,1.8460874070994722,0.24364397308590946
0.656059028990507,-0.7547095802227722,0.7547095802227722,0.656059028990507,1.841554065401356,0.27582553267614285
0.6691306063588578,-0.7431448254773946,0.7431448254773946,0.6691306063588578,1.8364597684953836,0.30792307313714107
0.6819983600624979,-0.731353701619171,0.731353701619171,0.6819983600624979,1.8308060681537426,0.339926817247144
0.6946583704589966,-0.7193398003386517,0.7193398003386517,0.6946583704589966,1.8245946865483251,0.3718270163556685
0.7071067811865474,-0.7071067811865477,0.7071067811865477,0.7071067811865474,1.817827515726139,0.4036139533530436
0.7193398003386509,-0.6946583704589976,0.6946583704589976,0.7193398003386509,1.8105066170329727,0.4352779456303294
0.7313537016191707,-0.6819983600624983,0.6819983600624983,0.7313537016191707,1.8026342204854862,0.46680934802874574
0.7431448254773942,-0.6691306063588581,0.6691306063588581,0.7431448254773942,1.7942127240919303,0.49819855577766725
0.7547095802227719,-0.6560590289905074,0.6560590289905074,0.7547095802227719,1.7852446931216874,0.5294360074203411
0.7660444431189778,-0.6427876096865396,0.6427876096865396,0.7660444431189778,1.775732859323866,0.5605121877263929
0.7771459614569706,-0.6293203910498378,0.6293203910498378,0.7771459614569706,1.7656801200951837,0.5914176305902598
0.7880107536067216,-0.6156614753256588,0.6156614753256588,0.7880107536067216,1.7550895375973932,0.6221429219146577
0.7986355100472928,-0.6018150231520483,0.6018150231520483,0.7986355100472928,1.743964337824516,0.6526787024782079
0.8090169943749473,-0.5877852522924734,0.5877852522924734,0.8090169943749473,1.7323079096201761,0.6830156707863415
0.8191520442889916,-0.5735764363510465,0.5735764363510465,0.8191520442889916,1.7201238036453221,0.7131445859046319
0.8290375725550414,-0.5591929034707473,0.5591929034707473,0.8290375725550414,1.7074157312966645,0.7430562702736693
0.838670567945424,-0.544639035015027,0.544639035015027,0.838670567945424,1.6941875635761454,0.7727416125046349
0.8480480961564254,-0.5299192642332058,0.5299192642332058,0.8480480961564254,1.6804433299117991,0.8021915701547124
0.8571673007021121,-0.5150380749100545,0.5150380749100545,0.8571673007021121,1.6661872169303404,0.8313971724815197
0.8660254037844384,-0.5000000000000004,0.5000000000000004,0.8660254037844384,1.6514235671818873,0.8603495231756624
0.8746197071393959,-0.4848096202463369,0.48480962024633695,0.8746197071393959,1.6361568778171707,0.8890398030706542
0.882947592858927,-0.4694715627858908,0.46947156278589086,0.882947592858927,1.620391799217664,0.9174592728293076
0.8910065241883678,-0.45399049973954697,0.453990499739547,0.8910065241883678,1.6041331335790276,0.9455992756058293
0.8987940462991671,-0.438371146789077,0.43837114678907707,0.8987940462991671,1.5873858334483157,0.973451239682777
0.9063077870366497,-0.4226182617407,0.42261826174070005,0.9063077870366497,1.5701550002153855,1.0010066810820808
0.913545457642601,-0.40673664307580015,0.4067366430758002,0.913545457642601,1.5524458825589549,1.0282572061493602
0.9205048534524399,-0.3907311284892747,0.39073112848927477,0.9205048534524399,1.5342638748478175,1.0551945141106924
0.9271838545667873,-0.37460659341591235,0.3746065934159124,0.9271838545667873,1.5156145154976517,1.0818103996011308
0.9335804264972015,-0.35836794954530077,0.3583679495453008,0.9335804264972015,1.496503485283979,1.1080967551641163
0.9396926207859084,-0.3420201433256686,0.34202014332566866,0.9396926207859084,1.4769366056117326,1.134045573721106
0.9455185755993165,-0.32556815445715753,0.3255681544571576,0.9455185755993165,1.456919836742013,1.1596489510105914
0.9510565162951535,-0.3090169943749477,0.30901699437494773,0.9510565162951535,1.4364592759765205,1.18489908799583
0.9563047559630357,-0.29237170472273627,0.2923717047227363,0.9563047559630357,1.4155611558002719,1.20978829324049
0.9612616959383187,-0.2756373558169998,0.27563735581699983,0.9612616959383187,1.39423184198312,1.2343089852515439
0.9659258262890683,-0.2588190451025207,0.25881904510252074,0.9659258262890683,1.3724778316406705,1.258453694788673
0.9702957262759965,-0.24192189559966787,0.24192189559966792,0.9702957262759965,1.3503057512552132,1.2822150671394539
0.9743700647852351,-0.22495105434386534,0.2249510543438654,0.9743700647852351,1.3277223546572179,1.3055858643596874
0.9781476007338056,-0.20791169081775987,0.20791169081775993,0.9781476007338056,1.304734520968059,1.328558967478143
0.981627183447664,-0.19080899537654467,0.19080899537654472,0.981627183447664,1.2813492525045647,1.351127378665066
0.9848077530122079,-0.17364817766693127,0.17364817766693133,0.9848077530122079,1.2575736726460511,1.3732842233637808
0.9876883405951377,-0.1564344650402311,0.15643446504023115,0.9876883405951377,1.2334150236644574,1.3950227523847578
0.9902680687415703,-0.13917310096006588,0.13917310096006594,0.9902680687415703,1.208880664518297,1.416336343961469
0.992546151641322,-0.12186934340514811,0.12186934340514817,0.992546151641322,1.1839780686110344,1.437218505767451
0.9945218953682733,-0.10452846326765342,0.10452846326765347,0.9945218953682733,1.1587148215146186,1.4576628768939286
0.9961946980917455,-0.08715574274765832,0.08715574274765837,0.9961946980917455,1.133098618658848,1.4776632297874064
0.9975640502598243,-0.06975647374412476,0.06975647374412482,0.9975640502598243,1.1071372629872602,1.4972134721466468
0.9986295347545738,-0.05233595624294437,0.05233595624294443,0.9986295347545738,1.0808386625802893,1.5163076487784366
0.9993908270190958,-0.034899496702500823,0.034899496702500886,0.9993908270190958,1.0542108282463747,1.5349399434116087
0.9998476951563913,-0.01745240643728445,0.01745240643728451,0.9998476951563913,1.0272618710818093,1.5531046804687183
1.0,-2.4492935982947064e-16,3.061616997868383e-16,1.0,1.0000000000000004,1.5707963267948963
