distance_to_extension_m,x_m,theta1_rad,theta2_rad,theta1_rate_rad_s,theta2_rate_rad_s,velocity_residual
1.0,1.0,-1.0471975511965979,2.0943951023931957,0.11547005383792515,-0.2309401076758503,0.0
0.954992586021436,1.045007413978564,-1.0210115814049494,2.042023162809899,0.11728320311982142,-0.23456640623964284,2.7755575615628914e-17
0.9120108393559098,1.0879891606440903,-0.9956059061980523,1.9912118123961047,0.11917690756796412,-0.23835381513592824,0.0
0.8709635899560807,1.1290364100439194,-0.9709468861208378,1.9418937722416758,0.12115035395308624,-0.2423007079061725,2.7755575615628914e-17
0.831763771102671,1.168236228897329,-0.9470032036474687,1.8940064072949374,0.12320298147374317,-0.24640596294748635,2.7755575615628914e-17
0.7943282347242815,1.2056717652757185,-0.9237456324212134,1.8474912648424269,0.12533445290290643,-0.25066890580581286,0.0
0.7585775750291838,1.2414224249708163,-0.9011468356193829,1.8022936712387658,0.12754463035776525,-0.2550892607155305,0.0
0.72443596007499,1.27556403992501,-0.879181189062687,1.758362378125374,0.12983355487076945,-0.2596671097415389,2.7755575615628914e-17
0.6918309709189365,1.3081690290810635,-0.8578246254474207,1.7156492508948413,0.13220142910439356,-0.2644028582087871,0.0
0.660693448007596,1.339306551992404,-0.8370544966899297,1.6741089933798594,0.13464860268030687,-0.26929720536061375,0.0
0.6309573444801932,1.3690426555198068,-0.8168494518677553,1.6336989037355105,0.1371755596942941,-0.2743511193885882,2.7755575615628914e-17
0.6025595860743578,1.3974404139256422,-0.7971893286450982,1.5943786572901963,0.13978290806782592,-0.27956581613565185,0.0
0.5754399373371569,1.424560062662843,-0.7780550564006105,1.5561101128012211,0.14247137045045355,-0.28494274090090715,0.0
0.5495408738576245,1.4504591261423756,-0.7594285695475876,1.5188571390951753,0.145241776437824,-0.290483552875648,2.7755575615628914e-17
0.5248074602497725,1.4751925397502275,-0.741292729761808,1.482585459523616,0.1480950559108458,-0.2961901118216916,0.0
0.5011872336272722,1.4988127663727278,-0.7236312560195087,1.4472625120390175,0.15103223333448743,-0.30206446666897485,2.7755575615628914e-17
0.4786300923226383,1.5213699076773617,-0.7064286615043995,1.412857323008799,0.15405442288147891,-0.30810884576295783,0.0
0.457088189614875,1.542911810385125,-0.6896701965738142,1.3793403931476285,0.15716282426808126,-0.3143256485361625,0.0
0.436515832240166,1.563484167759834,-0.6733417970846165,1.346683594169233,0.16035871920705766,-0.3207174384141153,0.0
0.4168693834703354,1.5831306165296646,-0.6574300374729283,1.3148600749458565,0.16364346839779614,-0.3272869367955923,0.0
0.3981071705534972,1.601892829446503,-0.6419220880610651,1.2838441761221302,0.16701850898580345,-0.3340370179716069,0.0
0.3801893963205612,1.6198106036794389,-0.6268056761326207,1.2536113522652415,0.17048535243399163,-0.34097070486798325,2.7755575615628914e-17
0.36307805477010135,1.6369219452298986,-0.6120690503743829,1.2241381007487657,0.17404558275669424,-0.3480911655133885,2.7755575615628914e-17
0.3467368504525316,1.6532631495474683,-0.5977009483332831,1.1954018966665663,0.17770085507448252,-0.35540171014896504,0.0
0.3311311214825911,1.6688688785174088,-0.5836905665791646,1.1673811331583293,0.18145289445385313,-0.36290578890770625,0.0
0.31622776601683794,1.683772233983162,-0.5700275333009024,1.1400550666018048,0.18530349500092005,-0.3706069900018401,0.0
0.3019951720402016,1.6980048279597983,-0.5567018830952033,1.1134037661904066,0.18925451918253344,-0.3785090383650669,2.7755575615628914e-17
0.28840315031266056,1.7115968496873395,-0.5437040337350031,1.0874080674700062,0.1933078973518849,-0.3866157947037698,0.0
0.2754228703338166,1.7245771296661834,-0.531024764728379,1.062049529456758,0.1974656274587657,-0.3949312549175314,0.0
0.2630267991895382,1.736973200810462,-0.5186551974998282,1.0373103949996565,0.2017297749272974,-0.4034595498545948,0.0
0.251188643150958,1.748811356849042,-0.5065867770440802,1.0131735540881603,0.2061024726862238,-0.4122049453724476,0.0
0.23988329190194904,1.7601167080980509,-0.4948112549186422,0.9896225098372844,0.21058592133881518,-0.42117184267763036,0.0
0.2290867652767773,1.7709132347232228,-0.48332067345538954,0.9666413469107791,0.21518238946111717,-0.43036477892223435,0.0
0.21877616239495523,1.7812238376050447,-0.4721073510839172,0.9442147021678344,0.21989421401873643,-0.43978842803747287,0.0
0.20892961308540392,1.791070386914596,-0.46116386867032066,0.9223277373406413,0.22472380089362115,-0.4494476017872423,2.7755575615628914e-17
0.19952623149688797,1.800473768503112,-0.4504830567847717,0.9009661135695434,0.2296736255133898,-0.4593472510267796,2.7755575615628914e-17
0.19054607179632474,1.8094539282036752,-0.4400579838198192,0.8801159676396384,0.23474623357672372,-0.46949246715344745,0.0
0.18197008586099836,1.8180299141390017,-0.42988194488897924,0.8597638897779585,0.2399442418691753,-0.4798884837383506,2.7755575615628914e-17
0.17378008287493754,1.8262199171250624,-0.41994845144194576,0.8398969028838915,0.24527033916447472,-0.49054067832894943,2.7755575615628914e-17
0.16595869074375605,1.834041309256244,-0.4102512215387893,0.8205024430775786,0.2507272872070702,-0.5014545744141404,2.7755575615628914e-17
0.15848931924611134,1.8415106807538886,-0.40078417073091144,0.8015683414618229,0.2563179217721945,-0.512635843544389,2.7755575615628914e-17
0.15135612484362082,1.8486438751563792,-0.39154140350132444,0.783082807002649,0.26204515380026355,-0.5240903076005271,0.0
0.14454397707459277,1.8554560229254071,-0.38251720522115734,0.7650344104423148,0.26791197060284766,-0.5358239412056953,6.206335383118183e-17
0.1380384264602885,1.8619615735397115,-0.37370603458314744,0.7474120691662949,0.27392143713785844,-0.5478428742757169,0.0
0.1318256738556407,1.8681743261443593,-0.3651025164763656,0.7302050329527312,0.28007669735193763,-0.5601533947038753,2.7755575615628914e-17
0.12589254117941673,1.8741074588205833,-0.3567014352695406,0.7134028705390812,0.286380975588358,-0.572761951176716,2.7755575615628914e-17
0.12022644346174129,1.8797735565382587,-0.3484977284731793,0.6969954569463586,0.2928375780590177,-0.5856751561180354,0.0
0.1148153621496883,1.8851846378503117,-0.34048648075321297,0.6809729615064259,0.2994498943793685,-0.598899788758737,0.0
0.1096478196143185,1.8903521803856815,-0.3326629182712082,0.6653258365424164,0.3062213991653415,-0.612442798330683,0.0
0.10471285480508996,1.89528714519491,-0.3250224033282542,0.6500448066565084,0.31315565369154236,-0.6263113073830847,0.0
0.1,1.9,-0.3175604292915214,0.6351208585830428,0.32025630761017426,-0.6405126152203485,0.0
0.09549925860214359,1.9045007413978565,-0.3102726157842032,0.6205452315684064,0.32752710073031305,-0.6550542014606261,0.0
0.09120108393559097,1.908798916064409,-0.30315470412109863,0.6063094082421973,0.33497186485731434,-0.6699437297146287,0.0
0.08709635899560805,1.912903641004392,-0.29620255297349873,0.5924051059469975,0.3425945256922837,-0.6851890513845674,0.0
0.08317637711026708,1.9168236228897328,-0.28941213424834483,0.5788242684966897,0.35039910479164715,-0.7007982095832943,0.0
0.07943282347242814,1.9205671765275718,-0.2827795291677655,0.565559058335531,0.3583897215870138,-0.7167794431740276,0.0
0.07585775750291836,1.9241422424970815,-0.27630092453620086,0.5526018490724017,0.366570595465598,-0.733141190931196,0.0
0.07244359600749903,1.927556403992501,-0.26997260918326876,0.5399452183665375,0.37494604791159897,-0.7498920958231979,2.7755575615628914e-17
0.06918309709189366,1.9308169029081064,-0.2637909705714381,0.5275819411428763,0.3835205047090169,-0.7670410094180338,2.7755575615628914e-17
0.06606934480075961,1.9339306551992403,-0.25775249155837726,0.5155049831167545,0.39229849820648377,-0.7845969964129675,0.0
0.06309573444801933,1.9369042655519806,-0.2518537473046027,0.5037074946092054,0.40128466964476317,-0.8025693392895263,0.0
0.06025595860743578,1.9397440413925642,-0.2460914023177273,0.4921828046354546,0.41048377154766413,-0.8209675430953283,0.0
0.057543993733715694,1.9424560062662843,-0.24046220762524514,0.4809244152504903,0.4199006701771806,-0.8398013403543612,0.0
0.054954087385762455,1.9450459126142376,-0.23496299806835744,0.4699259961367149,0.42954034805375013,-0.8590806961075003,2.7755575615628914e-17
0.05248074602497726,1.9475192539750228,-0.22959068970988178,0.45918137941976356,0.4394079065425872,-0.8788158130851744,0.0
0.05011872336272722,1.9498812766372728,-0.2243422773497683,0.4486845546995366,0.44950856850712106,-0.8990171370142421,0.0
0.047863009232263824,1.9521369907677362,-0.2192148321422054,0.4384296642844108,0.4598476810306151,-0.9196953620612301,2.7755575615628914e-17
0.04570881896148749,1.9542911810385124,-0.21420549930869212,0.42841099861738424,0.47043071820714155,-0.9408614364142831,0.0
0.043651583224016584,1.9563484167759835,-0.20931149594185788,0.41862299188371577,0.48126328400310686,-0.9625265680062137,0.0
0.04168693834703355,1.9583130616529665,-0.20453010889515053,0.40906021779030105,0.49235111519059843,-0.9847022303811969,0.0
0.039810717055349734,1.9601892829446503,-0.1998586927538295,0.399717385507659,0.5037000843539072,-1.0074001687078145,0.0
0.038018939632056124,1.961981060367944,-0.19529466788302616,0.3905893357660523,0.5153162029705801,-1.0306324059411602,0.0
0.03630780547701014,1.96369219452299,-0.1908355185488845,0.381671037097769,0.5272056245684705,-1.054411249136941,2.7755575615628914e-17
0.034673685045253165,1.9653263149547469,-0.18647879110906992,0.37295758221813985,0.5393746479602718,-1.0787492959205436,0.0
0.03311311214825911,1.966886887851741,-0.18222209226916136,0.3644441845383227,0.5518297205570982,-1.1036594411141964,0.0
0.03162277660168379,1.9683772233983161,-0.178063087401672,0.356126174803344,0.5645774417627053,-1.1291548835254106,0.0
0.03019951720402016,1.9698004827959799,-0.1739994989246343,0.3479989978492686,0.5776245664500369,-1.1552491329000738,0.0
0.028840315031266057,1.9711596849687338,-0.1700291047368964,0.3400582094737928,0.5909780085217752,-1.1819560170435504,2.7755575615628914e-17
0.02754228703338166,1.9724577129666183,-0.16614973670741817,0.33229947341483634,0.6046448445567313,-1.2092896891134626,2.7755575615628914e-17
0.026302679918953815,1.9736973200810461,-0.16235927921606835,0.3247185584321367,0.6186323175438098,-1.2372646350876195,2.7755575615628914e-17
0.025118864315095794,1.9748811356849043,-0.15865566774351744,0.3173113354870349,0.6329478407055298,-1.2658956814110596,0.0
0.023988329190194897,1.976011670809805,-0.15503688750802042,0.31007377501604083,0.6475990014129376,-1.2951980028258752,0.0
0.022908676527677734,1.9770913234723222,-0.1515009721469606,0.3030019442939212,0.6625935651940031,-1.3251871303880063,2.7755575615628914e-17
0.02187761623949553,1.9781223837605044,-0.1480460024412012,0.2960920048824024,0.6779394798374402,-1.3558789596748804,0.0
0.020892961308540396,1.9791070386914595,-0.1446701050803559,0.2893402101607118,0.6936448795941467,-1.3872897591882933,0.0
0.0199526231496888,1.9800473768503113,-0.14137145146723204,0.2827429029344641,0.7097180894783702,-1.4194361789567405,2.7755575615628914e-17
0.019054607179632473,1.9809453928203675,-0.13814825655978355,0.2762965131195671,0.726167629670827,-1.452335259341654,0.0
0.018197008586099836,1.9818029914139002,-0.1349987777489996,0.2699975554979992,0.7430022200260771,-1.4860044400521542,2.7755575615628914e-17
0.017378008287493755,1.9826219917125063,-0.1319213137712564,0.2638426275425128,0.7602307846864541,-1.5204615693729082,0.0
0.016595869074375606,1.9834041309256243,-0.1289142036537275,0.257828407307455,0.7778624568049557,-1.5557249136099114,2.7755575615628914e-17
0.015848931924611134,1.9841510680753889,-0.12597582569151836,0.2519516513830367,0.7959065833796081,-1.5918131667592161,2.7755575615628914e-17
0.01513561248436208,1.984864387515638,-0.12310459645529206,0.24620919291058413,0.8143727302016978,-1.6287454604033955,0.0
0.014454397707459272,1.9855456022925406,-0.12029896982817043,0.24059793965634085,0.8332706869206101,-1.6665413738412203,2.7755575615628914e-17
0.013803842646028845,1.9861961573539713,-0.11755743607079881,0.23511487214159763,0.8526104722278348,-1.7052209444556696,0.0
0.013182567385564075,1.9868174326144359,-0.1148785209135131,0.2297570418270262,0.8724023391627961,-1.7448046783255922,0.0
0.012589254117941675,1.9874107458820582,-0.11226078467456584,0.22452156934913167,0.8926567805434771,-1.7853135610869542,0.0
0.012022644346174132,1.9879773556538258,-0.10970282140348044,0.21940564280696087,0.9133845345244626,-1.826769069048925,0.0
0.01148153621496883,1.9885184637850313,-0.10720325804859139,0.21440651609718278,0.9345965902854975,-1.869193180570995,2.7755575615628914e-17
0.01096478196143185,1.9890352180385682,-0.1047607536479155,0.209521507295831,0.9563041938534285,-1.912608387706857,0.0
0.010471285480508996,1.989528714519491,-0.10237399854250863,0.20474799708501726,0.9785188540607247,-1.9570377081214494,0.0
0.01,1.99,-0.10004171361153981,0.20008342722307962,1.0012523486435199,-2.0025046972870397,2.7755575615628914e-17
0.009549925860214359,1.9904500741397857,-0.0977626495283024,0.1955252990566048,1.0245167304826408,-2.0490334609652816,2.7755575615628914e-17
0.009120108393559097,1.990879891606441,-0.0955355860364719,0.1910711720729438,1.048324333990654,-2.096648667981308,0.0
0.008709635899560805,1.9912903641004391,-0.09335933124590544,0.18671866249181088,1.0726877816484892,-2.1453755632969784,0.0
0.008317637711026709,1.9916823622889732,-0.0912327209473358,0.1824654418946716,1.0976199906950315,-2.195239981390063,0.0
0.007943282347242814,1.9920567176527573,-0.08915461794534028,0.17830923589068057,1.1231341799731527,-2.2462683599463054,0.0
0.007585775750291836,1.9924142242497083,-0.08712391140898039,0.17424782281796078,1.1492438769358733,-2.2984877538717465,0.0
0.007244359600749898,1.9927556403992501,-0.08513951623954179,0.17027903247908358,1.1759629248163537,-2.3519258496327073,0.0
0.006918309709189363,1.9930816902908106,-0.08320037245483093,0.16640074490966186,1.2033054899654754,-2.4066109799309507,0.0
0.006606934480075957,1.9933930655199241,-0.08130544458950617,0.16261088917901234,1.231286069360863,-2.462572138721726,2.7755575615628914e-17
0.00630957344480193,1.993690426555198,-0.0794537211109389,0.1589074422218778,1.259919498291362,-2.519838996582724,2.7755575615628914e-17
0.006025595860743574,1.9939744041392564,-0.07764421385011798,0.15528842770023596,1.2892209582211314,-2.5784419164422627,0.0
0.005754399373371567,1.9942456006266285,-0.07587595744715485,0.1517519148943097,1.3192059848372342,-2.6384119696744683,2.7755575615628914e-17
0.005495408738576248,1.9945045912614237,-0.07414800881092962,0.14829601762185923,1.3498904762852293,-2.6997809525704586,0.0
0.005248074602497728,1.9947519253975023,-0.0724594465924482,0.1449188931848964,1.3812907015972515,-2.762581403194503,2.7755575615628914e-17
0.005011872336272725,1.9949881276637274,-0.07080937067153803,0.14161874134307606,1.413423309316384,-2.826846618632768,0.0
0.004786300923226385,1.9952136990767737,-0.06919690165643719,0.13839380331287437,1.4463053363228437,-2.8926106726456875,0.0
0.004570881896148752,1.9954291181038513,-0.06762118039594378,0.13524236079188756,1.479954216865849,-2.959908433731698,2.7755575615628914e-17
0.004365158322401661,1.9956348416775984,-0.06608136750373769,0.13216273500747538,1.5143877918064124,-3.0287755836128247,2.7755575615628914e-17
0.004168693834703355,1.9958313061652966,-0.06457664289454224,0.12915328578908447,1.549624318075593,-3.099248636151186,2.7755575615628914e-17
0.003981071705534973,1.996018928294465,-0.0631062053317636,0.1262124106635272,1.5856824783537833,-3.1713649567075666,0.0
0.0038018939632056127,1.9961981060367944,-0.061669271986315694,0.12333854397263139,1.6225813909754354,-3.245162781950871,0.0
0.003630780547701014,1.996369219452299,-0.0602650780062946,0.1205301560125892,1.6603406200649722,-3.3206812401299444,0.0
0.0034673685045253167,1.9965326314954748,-0.058892876097203124,0.11778575219440625,1.6989801859092386,-3.397960371818477,2.7755575615628914e-17
0.003311311214825911,1.996688688785174,-0.05755193611244503,0.11510387222489006,1.7385205755716986,-3.477041151143397,0.0
0.0031622776601683794,1.9968377223398317,-0.05624154465379194,0.11248308930758388,1.7789827537544451,-3.5579655075088903,2.7755575615628914e-17
0.003019951720402016,1.996980048279598,-0.054961004681581174,0.10992200936316235,1.8203881739128829,-3.6407763478257658,0.0
0.0028840315031266055,1.9971159684968733,-0.05370963513433297,0.10741927026866593,1.8627587896304532,-3.7255175792609063,0.0
0.002754228703338166,1.9972457712966618,-0.05248677055758167,0.10497354111516334,1.9061170662579965,-3.812234132515993,0.0
0.0026302679918953813,1.9973697320081045,-0.05129176074165408,0.10258352148330815,1.9504859928245175,-3.900971985649035,0.0
0.0025118864315095794,1.9974881135684903,-0.05012397036814983,0.10024794073629965,1.995889094225991,-3.991778188451982,0.0
0.00239883291901949,1.9976011670809806,-0.04898277866491155,0.0979655573298231,2.0423504436980755,-4.084700887396151,0.0
0.0022908676527677724,1.9977091323472322,-0.04786757906926272,0.09573515813852544,2.089894675579233,-4.179789351158466,2.7755575615628914e-17
0.002187761623949552,1.9978122383760504,-0.04677777889926426,0.09355555779852852,2.138546998372457,-4.277093996744914,0.0
0.0020892961308540386,1.997910703869146,-0.04571279903283312,0.09142559806566623,2.1883332081104077,-4.376666416220815,0.0
0.001995262314968879,1.9980047376850312,-0.04467207359448707,0.08934414718897414,2.239279702032378,-4.478559404064756,0.0
0.0019054607179632462,1.9980945392820368,-0.04365504964952439,0.08731009929904877,2.2914134925801903,-4.582826985160381,0.0
0.0018197008586099826,1.99818029914139,-0.04266118690545182,0.08532237381090364,2.344762221720326,-4.689524443440652,2.7755575615628914e-17
0.0017378008287493763,1.9982621991712506,-0.04168995742047537,0.08337991484095074,2.399354175599948,-4.798708351199896,2.7755575615628914e-17
0.0016595869074375613,1.9983404130925624,-0.04074084531888553,0.08148169063777105,2.455218299543996,-4.910436599087992,0.0
0.001584893192461114,1.9984151068075389,-0.03981334651314656,0.07962669302629312,2.512384213402187,-5.024768426804374,0.0
0.0015135612484362087,1.9984864387515637,-0.03890696843252702,0.07781393686505404,2.5708822272538505,-5.141764454507701,2.7755575615628914e-17
0.001445439770745928,1.998554560229254,-0.03802122975811936,0.07604245951623873,2.630743357478175,-5.26148671495635,2.7755575615628914e-17
0.0013803842646028853,1.998619615735397,-0.03715566016406892,0.07431132032813784,2.691999343199709,-5.383998686399418,0.0
0.0013182567385564075,1.9986817432614437,-0.03630980006488052,0.07261960012976104,2.754682663116393,-5.509365326232786,0.0
0.0012589254117941675,1.998741074588206,-0.03548320036863773,0.07096640073727546,2.8188265527199814,-5.637653105439963,0.0
0.001202264434617413,1.9987977355653825,-0.03467542223599262,0.06935084447198524,2.884465021917792,-5.768930043835584,0.0
0.0011481536214968829,1.9988518463785032,-0.033886036844775425,0.06777207368955085,2.9516328730659214,-5.903265746131843,2.7755575615628914e-17
0.0010964781961431851,1.9989035218038569,-0.03311462516012922,0.06622925032025843,3.0203657194198494,-6.040731438839699,2.7755575615628914e-17
0.0010471285480508996,1.998952871451949,-0.0323607777099576,0.0647215554199152,3.0907000040187285,-6.181400008037457,2.7755575615628914e-17
0.001,1.999,-0.03162409436562706,0.06324818873125412,3.1626730190074572,-6.3253460380149145,2.7755575615628914e-17
0.0009549925860214359,1.9990450074139785,-0.030904184127778733,0.061808368255557466,3.236322925407948,-6.472645850815896,0.0
0.0009120108393559096,1.9990879891606441,-0.030200664917073038,0.060401329834146075,3.3116887733555562,-6.6233775467111125,0.0
0.0008709635899560805,1.999129036410044,-0.029513163369858767,0.059026326739717534,3.388810522800123,-6.777621045600246,2.7755575615628914e-17
0.0008317637711026709,1.9991682362288974,-0.02884131463852159,0.05768262927704318,3.4677290646956256,-6.935458129391251,2.7755575615628914e-17
0.0007943282347242813,1.9992056717652757,-0.028184762196484595,0.05636952439296919,3.5484862426810064,-7.096972485362013,2.7755575615628914e-17
0.0007585775750291835,1.9992414224249708,-0.027543157647735617,0.055086315295471235,3.6311248752646583,-7.262249750529317,2.7755575615628914e-17
0.0007244359600749898,1.999275564039925,-0.02691616054074134,0.05383232108148268,3.7156887785282597,-7.4313775570565195,0.0
0.0006918309709189362,1.999308169029081,-0.02630343818666297,0.05260687637332594,3.8022227893600062,-7.6044455787200125,0.0
0.0006606934480075957,1.9993393065519924,-0.02570466548180906,0.05140933096361812,3.8907727892239024,-7.781545578447805,0.0
0.000630957344480193,1.9993690426555197,-0.02511952473414122,0.05023904946828244,3.981385728489334,-7.962771456978668,0.0
0.0006025595860743575,1.9993974404139256,-0.024547705493793374,0.04909541098758675,4.074109651326511,-8.148219302653022,2.7755575615628914e-17
0.0005754399373371566,1.9994245600626628,-0.023988904387542982,0.047977808775085964,4.16899372117478,-8.33798744234956,0.0
0.0005495408738576248,1.9994504591261424,-0.02344282495703349,0.04688564991406698,4.266088246814638,-8.532176493629276,2.7755575615628914e-17
0.0005248074602497728,1.9994751925397503,-0.022909177500770195,0.04581835500154039,4.365444709039485,-8.73088941807897,0.0
0.0005011872336272725,1.9994988127663726,-0.022387678919735844,0.04477535783947169,4.467115787951719,-8.934231575903437,0.0
0.00047863009232263854,1.9995213699076773,-0.021878052566555308,0.043756105133110616,4.571155390895584,-9.142310781791169,2.7755575615628914e-17
0.0004570881896148752,1.9995429118103851,-0.02138002809813694,0.04276005619627388,4.6776186810394575,-9.355237362078915,0.0
0.0004365158322401661,1.9995634841677599,-0.02089334133171849,0.04178668266343698,4.78656210662012,-9.57312421324024,2.7755575615628914e-17
0.0004168693834703355,1.9995831306165297,-0.020417734104177177,0.040835468208354354,4.898043430877893,-9.796086861755786,0.0
0.00039810717055349735,1.9996018928294466,-0.019952954134607993,0.03990590826921599,5.0121217626813745,-10.024243525362749,0.0
0.00038018939632056124,1.9996198106036795,-0.019498754890055762,0.038997509780111524,5.128857587865458,-10.257715175730915,2.7755575615628914e-17
0.0003630780547701014,1.99963692194523,-0.01905489545431143,0.03810979090862286,5.248312801303678,-10.496625602607356,2.7755575615628914e-17
0.0003467368504525317,1.9996532631495474,-0.018621140399720754,0.03724228079944151,5.370550739727618,-10.741101479455237,0.0
0.0003311311214825911,1.9996688688785174,-0.018197259661948004,0.03639451932389601,5.49563621530682,-10.99127243061364,0.0
0.00031622776601683794,1.999683772233983,-0.017783028417614227,0.035566056835228455,5.623635550009406,-11.247271100018812,2.7755575615628914e-17
0.0003019951720402016,1.9996980048279598,-0.01737822696469816,0.03475645392939632,5.754616610776185,-11.50923322155237,2.7755575615628914e-17
0.00028840315031266055,1.9997115968496872,-0.016982640605751415,0.03396528121150283,5.888648845490821,-11.777297690981642,2.7755575615628914e-17
0.0002754228703338166,1.9997245771296661,-0.016596059533692187,0.033192119067384375,6.025803319819615,-12.05160663963923,2.7755575615628914e-17
0.00026302679918953814,1.9997369732008106,-0.01621827872031248,0.03243655744062496,6.1661527548765065,-12.332305509753013,0.0
0.00025118864315095795,1.9997488113568491,-0.015849097807284315,0.03169819561456863,6.309771565783001,-12.619543131566003,0.0
0.000239883291901949,1.999760116708098,-0.015488320999649295,0.03097664199929859,6.456735901131737,-12.913471802263475,2.7755575615628914e-17
0.00022908676527677723,1.9997709132347232,-0.015135756961773706,0.030271513923547412,6.607123683358875,-13.21424736671775,2.7755575615628914e-17
0.00021877616239495518,1.9997812238376051,-0.014791218715688574,0.02958243743137715,6.761014650054049,-13.522029300108098,0.0
0.00020892961308540387,1.9997910703869146,-0.014454523541737882,0.028909047083475765,6.918490396239402,-13.836980792478805,0.0
0.00019952623149688788,1.9998004737685031,-0.014125492881486519,0.028250985762973038,7.079634417639923,-14.159268835279846,0.0
0.00019054607179632462,1.9998094539282036,-0.013803952242877606,0.027607904485755213,7.244532154948062,-14.489064309896124,0.0
0.00018197008586099826,1.999818029914139,-0.01348973110754622,0.02697946221509244,7.413271039124236,-14.826542078248472,0.0
0.00017378008287493763,1.999826219917125,-0.013182662840250157,0.026365325680500314,7.585940537752972,-15.171881075505944,0.0
0.00016595869074375615,1.9998340413092563,-0.012882584600343385,0.02576516920068677,7.762632202494862,-15.525264404989723,0.0
0.00015848931924611142,1.9998415106807539,-0.012589337255353831,0.025178674510707662,7.9434397175958305,-15.886879435191661,0.0
0.00015135612484362088,1.9998486438751564,-0.012302765296407144,0.024605530592814288,8.128458949602969,-16.256917899205938,2.7755575615628914e-17
0.0001445439770745928,1.9998554560229254,-0.01202271675572321,0.02404543351144642,8.31778799815154,-16.63557599630308,2.7755575615628914e-17
0.00013803842646028852,1.9998619615735398,-0.011749043125861506,0.023498086251723012,8.51152724802221,-17.02305449604442,0.0
0.00013182567385564074,1.9998681743261444,-0.011481599280954054,0.022963198561908107,8.709779422312586,-17.419558844625172,0.0
0.00012589254117941674,1.9998741074588207,-0.011220243399580597,0.022440486799161195,8.91264963695786,-17.82529927391572,2.7755575615628914e-17
0.00012022644346174131,1.9998797735565383,-0.010964836889535387,0.021929673779070773,9.120245456426272,-18.240490912852543,2.7755575615628914e-17
0.0001148153621496883,1.9998851846378503,-0.010715244314238506,0.02143048862847701,9.332676950765254,-18.66535390153051,0.0
0.00010964781961431851,1.9998903521803857,-0.010471333320834598,0.020942666641669196,9.550056753972779,-19.100113507945558,0.0
0.00010471285480508996,1.999895287145195,-0.010232974569969966,0.020465949139939932,9.77250012369476,-19.54500024738952,2.7755575615628914e-17
0.0001,1.9999,-0.010000041667135633,0.020000083334271265,10.000125002343589,-20.000250004687178,2.7755575615628914e-17
