theta2_deg,H11_kg_m2,H12_kg_m2,H22_kg_m2,det_H
0,2.666666666666667,0.8333333333333333,0.3333333333333333,0.19444444444444464
1,2.666514361823058,0.833257180911529,0.3333333333333333,0.19452059106705744
2,2.6660574936857624,0.8330287468428812,0.3333333333333333,0.19474893816196637
3,2.6652962014212407,0.8326481007106202,0.3333333333333333,0.19512920752341034
4,2.664230716926491,0.8321153584632455,0.3333333333333333,0.19566093585174804
5,2.6628613647584123,0.8314306823792061,0.3333333333333333,0.1963434753179184
6,2.66118856203494,0.83059428101747,0.3333333333333333,0.1971759943527187
7,2.6592128183079886,0.8296064091539943,0.3333333333333333,0.19815747865994493
8,2.656934735408237,0.8284673677041186,0.3333333333333333,0.19928673245215445
9,2.6543550072618043,0.8271775036309021,0.3333333333333333,0.20056237990755033
10,2.6514744196788746,0.8257372098394373,0.3333333333333333,0.2019828668462058
11,2.6482938501143307,0.8241469250571654,0.3333333333333333,0.203546462623596
12,2.6448142674004727,0.8224071337002361,0.3333333333333333,0.2052512622391195
13,2.641036731451902,0.8205183657259509,0.3333333333333333,0.20709518865704846
14,2.6369623929426633,0.8184811964713316,0.3333333333333333,0.20907599533707855
15,2.632592492955735,0.8162962464778675,0.3333333333333333,0.21119126897138962
16,2.627928362604986,0.8139641813024927,0.3333333333333333,0.21343843242489136
17,2.622971422629702,0.811485711314851,0.3333333333333333,0.21581474787506427
18,2.61772318296182,0.8088615914809101,0.3333333333333333,0.218317320147576
19,2.6121852422659835,0.8060926211329917,0.3333333333333333,0.22094310024360408
20,2.606359287452575,0.8031796437262875,0.3333333333333333,0.22368888905457218
21,2.6002470931638686,0.8001235465819342,0.3333333333333333,0.22655134125977028
22,2.5938505212334544,0.796925260616727,0.3333333333333333,0.22952696940211315
23,2.587171520119107,0.7935857600595535,0.3333333333333333,0.23261214813706976
24,2.5802121243092677,0.7901060621546337,0.3333333333333333,0.23580311864958725
25,2.5729744537033166,0.7864872268516583,0.3333333333333333,0.23909599323362696
26,2.565460712965834,0.7827303564829169,0.3333333333333333,0.24248676002873704
27,2.5576731908550348,0.7788365954275173,0.3333333333333333,0.24597128790788536
28,2.549614259525594,0.7748071297627968,0.3333333333333333,0.24954533151060132
29,2.5412863738060625,0.7706431869030312,0.3333333333333333,0.25320453641529383
30,2.5326920704511053,0.7663460352255527,0.3333333333333333,0.2569444444444444
31,2.523833967368779,0.7619169836843895,0.3333333333333333,0.260760499096208
32,2.514714762823093,0.7573573814115463,0.3333333333333333,0.2646480510958099
33,2.5053372346120906,0.7526686173060453,0.3333333333333333,0.2686023640599694
34,2.4957042392217086,0.7478521196108542,0.3333333333333333,0.27261862026745554
35,2.4858187109556584,0.7429093554778292,0.3333333333333333,0.27669192652873575
36,2.4756836610416144,0.737841830520807,0.3333333333333333,0.2808173201475761
37,2.4653021767139593,0.7326510883569797,0.3333333333333333,0.2849897749673196
38,2.4546774202733888,0.7273387101366943,0.3333333333333333,0.28920420749448605
39,2.443812628123638,0.7219063140618187,0.3333333333333333,0.2934554830922247
40,2.432711109785645,0.7163555548928223,0.3333333333333333,0.29773842223607816
41,2.4213762468894386,0.7106881234447193,0.3333333333333333,0.3020478068244363
42,2.409811492144061,0.7049057460720305,0.3333333333333333,0.30637838653598765
43,2.398020368285837,0.6990101841429186,0.3333333333333333,0.3107248852264287
44,2.386006467005318,0.6930032335026589,0.3333333333333333,0.31508200735663183
45,2.3737734478532144,0.6868867239266071,0.3333333333333333,0.31944444444444453
46,2.361325037125664,0.6806625185628319,0.3333333333333333,0.32380688153225723
47,2.348665026729165,0.6743325133645826,0.3333333333333333,0.3281640036624601
48,2.335797273025525,0.6678986365127624,0.3333333333333333,0.33251050235290125
49,2.322725695657174,0.6613628478285869,0.3333333333333333,0.3368410820644526
50,2.309454276353206,0.654727138176603,0.3333333333333333,0.34115046665281074
51,2.2959870577165042,0.6479935288582521,0.3333333333333333,0.34543340579666426
52,2.282328141992325,0.6411640709961625,0.3333333333333333,0.3496846813944029
53,2.268481689818715,0.6342408449093575,0.3333333333333333,0.35389911392156925
54,2.25445191895914,0.6272259594795699,0.3333333333333333,0.3580715687413128
55,2.240243103017713,0.6201215515088563,0.3333333333333333,0.36219696236015314
56,2.2258595701374135,0.6129297850687068,0.3333333333333333,0.3662702686214334
57,2.211305701681694,0.6056528508408469,0.3333333333333333,0.3702865248289195
58,2.1965859308998716,0.5982929654499358,0.3333333333333333,0.3742408377930791
59,2.181704741576721,0.5908523707883604,0.3333333333333333,0.3781283897926808
60,2.166666666666667,0.5833333333333334,0.3333333333333333,0.3819444444444445
61,2.1514762869130037,0.5757381434565019,0.3333333333333333,0.385684352473595
62,2.1361382294525577,0.5680691147262787,0.3333333333333333,0.3893435573782878
63,2.1206571664062137,0.5603285832031067,0.3333333333333333,0.39291760098100365
64,2.1050378134557444,0.5525189067278721,0.3333333333333333,0.39640212886015175
65,2.0892849284073662,0.544642464203683,0.3333333333333333,0.39979289565526194
66,2.073403309742467,0.5367016548712334,0.3333333333333333,0.4030857702393017
67,2.0573977951559406,0.5286988975779702,0.3333333333333333,0.4062767407518192
68,2.041273260082579,0.5206366300412892,0.3333333333333333,0.40936191948677597
69,2.025034616211967,0.5125173081059835,0.3333333333333333,0.41233754762911873
70,2.0086868099923354,0.5043434049961677,0.3333333333333333,0.4151999998343166
71,1.9922348211238234,0.4961174105619117,0.3333333333333333,0.41794578864528464
72,1.9756836610416142,0.48784183052080704,0.3333333333333333,0.42057156874131285
73,1.9590383713894035,0.4795191856947017,0.3333333333333333,0.4230741410138246
74,1.9423040224836658,0.4711520112418329,0.3333333333333333,0.42545045646399765
75,1.9254857117691875,0.4627428558845937,0.3333333333333333,0.4276976199174992
76,1.9085885622663343,0.45429428113316717,0.3333333333333333,0.42981289355181024
77,1.8916177210105316,0.4458088605052658,0.3333333333333333,0.43179370023184027
78,1.8745783574844261,0.43728917874221307,0.3333333333333333,0.4336376266497695
79,1.8574756620432116,0.4287378310216058,0.3333333333333333,0.4353424262652928
80,1.840314844333597,0.4201574221667985,0.3333333333333333,0.4369060220426829
81,1.8231011317068977,0.4115505658534488,0.3333333333333333,0.4383265089813386
82,1.8058397676267322,0.4029198838133661,0.3333333333333333,0.4396021564367342
83,1.7885360100718142,0.3942680050359071,0.3333333333333333,0.4407314102289439
84,1.7711951299343203,0.38559756496716,0.3333333333333333,0.44171289453617013
85,1.7538224094143249,0.3769112047071624,0.3333333333333333,0.4425454135709705
86,1.736423140410792,0.3682115702053959,0.3333333333333333,0.44322795303714074
87,1.7190026229096107,0.3595013114548053,0.3333333333333333,0.4437596813654786
88,1.7015661633691679,0.35078308168458383,0.3333333333333333,0.4441399507269226
89,1.6841190731039504,0.34205953655197513,0.3333333333333333,0.4443682978218314
90,1.6666666666666667,0.33333333333333337,0.3333333333333333,0.4444444444444444
91,1.6492142602293833,0.32460713011469156,0.3333333333333333,0.44436829782183146
92,1.6317671699641658,0.31588358498208285,0.3333333333333333,0.44413995072692247
93,1.614330710423723,0.3071653552118614,0.3333333333333333,0.4437596813654786
94,1.5969101929225413,0.29845509646127066,0.3333333333333333,0.44322795303714074
95,1.5795109239190086,0.2897554619595042,0.3333333333333333,0.44254541357097055
96,1.5621382033990132,0.28106910169950655,0.3333333333333333,0.44171289453617013
97,1.5447973232615193,0.27239866163075965,0.3333333333333333,0.44073141022894397
98,1.5274935657066013,0.26374678285330067,0.3333333333333333,0.4396021564367343
99,1.510232201626436,0.2551161008132179,0.3333333333333333,0.4383265089813387
100,1.4930184889997364,0.24650924449986816,0.3333333333333333,0.436906022042683
101,1.475857671290122,0.2379288356450609,0.3333333333333333,0.43534242626529285
102,1.4587549758489073,0.22937748792445364,0.3333333333333333,0.43363762664976957
103,1.4417156123228017,0.2208578061614008,0.3333333333333333,0.4317937002318403
104,1.424744771066999,0.2123723855334994,0.3333333333333333,0.4298128935518103
105,1.4078476215641458,0.2039238107820729,0.3333333333333333,0.4276976199174992
106,1.3910293108496676,0.1955146554248338,0.3333333333333333,0.4254504564639977
107,1.3742949619439302,0.18714748097196499,0.3333333333333333,0.42307414101382473
108,1.3576496722917195,0.17882483614585964,0.3333333333333333,0.42057156874131296
109,1.34109851220951,0.170549256104755,0.3333333333333333,0.4179457886452847
110,1.324646523340998,0.16232326167049896,0.3333333333333333,0.4151999998343167
111,1.3082987171213665,0.15414935856068318,0.3333333333333333,0.4123375476291188
112,1.2920600732507546,0.14603003662537728,0.3333333333333333,0.4093619194867758
113,1.275935538177393,0.1379677690886964,0.3333333333333333,0.40627674075181913
114,1.2599300235908664,0.12996501179543318,0.3333333333333333,0.40308577023930164
115,1.2440484049259675,0.12202420246298365,0.3333333333333333,0.3997928956552619
116,1.2282955198775891,0.11414775993879456,0.3333333333333333,0.3964021288601517
117,1.21267616692712,0.10633808346355994,0.3333333333333333,0.3929176009810036
118,1.1971951038807758,0.09859755194038786,0.3333333333333333,0.38934355737828774
119,1.1818570464203297,0.09092852321016481,0.3333333333333333,0.38568435247359506
120,1.166666666666667,0.08333333333333343,0.3333333333333333,0.3819444444444445
121,1.1516285917566125,0.07581429587830618,0.3333333333333333,0.37812838979268076
122,1.1367474024334618,0.06837370121673092,0.3333333333333333,0.37424083779307915
123,1.1220276316516395,0.06101381582581977,0.3333333333333333,0.37028652482891944
124,1.10747376319592,0.05373688159795997,0.3333333333333333,0.36627026862143347
125,1.0930902303156205,0.046545115157810235,0.3333333333333333,0.362196962360153
126,1.0788814143741936,0.0394407071870968,0.3333333333333333,0.35807156874131285
127,1.0648516435146185,0.032425821757309126,0.3333333333333333,0.35389911392156936
128,1.0510051913410083,0.02550259567050417,0.3333333333333333,0.34968468139440284
129,1.0373462756168295,0.018673137808414675,0.3333333333333333,0.34543340579666443
130,1.0238790569801273,0.011939528490063633,0.3333333333333333,0.3411504666528107
131,1.0106076376761597,0.005303818838079732,0.3333333333333333,0.33684108206445273
132,0.9975360603078085,-0.001231969846095804,0.3333333333333333,0.33251050235290114
133,0.9846683066041684,-0.007665846697915868,0.3333333333333333,0.3281640036624602
134,0.9720082962076694,-0.013995851896165368,0.3333333333333333,0.32380688153225706
135,0.9595598854801193,-0.020220057259940416,0.3333333333333333,0.3194444444444445
136,0.9473268663280154,-0.026336566835992337,0.3333333333333333,0.3150820073566318
137,0.9353129650474963,-0.032343517476251915,0.3333333333333333,0.31072488522642877
138,0.9235218411892726,-0.03823907940536375,0.3333333333333333,0.3063783865359878
139,0.9119570864438947,-0.04402145677805269,0.3333333333333333,0.30204780682443627
140,0.9006222235476888,-0.049688888226155636,0.3333333333333333,0.2977384222360782
141,0.8895207052096958,-0.055239647395152136,0.3333333333333333,0.2934554830922245
142,0.8786559130599448,-0.06067204347002764,0.3333333333333333,0.289204207494486
143,0.8680311566193738,-0.06598442169031316,0.3333333333333333,0.28498977496731953
144,0.8576496722917194,-0.07117516385414036,0.3333333333333333,0.28081732014757604
145,0.8475146223776748,-0.07624268881116264,0.3333333333333333,0.2766919265287358
146,0.8376290941116251,-0.0811854529441875,0.3333333333333333,0.2726186202674555
147,0.8279960987212428,-0.08600195063937865,0.3333333333333333,0.26860236405996946
148,0.8186185705102408,-0.09069071474487966,0.3333333333333333,0.26464805109580974
149,0.8094993659645545,-0.0952503170177228,0.3333333333333333,0.26076049909620813
150,0.800641262882228,-0.09967936855888604,0.3333333333333333,0.2569444444444444
151,0.792046959527271,-0.10397652023636456,0.3333333333333333,0.25320453641529383
152,0.7837190738077398,-0.10814046309613018,0.3333333333333333,0.24954533151060107
153,0.775660142478299,-0.11216992876085058,0.3333333333333333,0.24597128790788533
154,0.7678726203674997,-0.1160636898162502,0.3333333333333333,0.24248676002873715
155,0.7603588796300168,-0.11982056018499165,0.3333333333333333,0.23909599323362707
156,0.753121209024066,-0.12343939548796706,0.3333333333333333,0.23580311864958725
157,0.7461618132142264,-0.12691909339288687,0.3333333333333333,0.23261214813706976
158,0.7394828120998794,-0.13025859395006034,0.3333333333333333,0.2295269694021131
159,0.733086240169465,-0.13345687991526756,0.3333333333333333,0.22655134125977017
160,0.7269740458807584,-0.13651297705962084,0.3333333333333333,0.22368888905457224
161,0.7211480910673499,-0.1394259544663251,0.3333333333333333,0.2209431002436042
162,0.7156101503715132,-0.14219492481424345,0.3333333333333333,0.21831732014757604
163,0.7103619107036312,-0.14481904464818446,0.3333333333333333,0.21581474787506422
164,0.7054049707283478,-0.14729751463582613,0.3333333333333333,0.2134384324248912
165,0.7007408403775985,-0.14962957981120079,0.3333333333333333,0.21119126897138968
166,0.6963709403906703,-0.15181452980466492,0.3333333333333333,0.20907599533707857
167,0.6922966018814316,-0.15385169905928425,0.3333333333333333,0.20709518865704862
168,0.688519065932861,-0.15574046703356953,0.3333333333333333,0.20525126223911933
169,0.6850394832190028,-0.15748025839049867,0.3333333333333333,0.20354646262359602
170,0.6818589136544587,-0.1590705431727707,0.3333333333333333,0.20198286684620592
171,0.6789783260715291,-0.16051083696423551,0.3333333333333333,0.20056237990755027
172,0.6763985979250964,-0.16180070103745187,0.3333333333333333,0.19928673245215456
173,0.6741205150253448,-0.16293974248732768,0.3333333333333333,0.1981574786599449
174,0.6721447712983935,-0.16392761435080333,0.3333333333333333,0.19717599435271876
175,0.6704719685749212,-0.16476401571253946,0.3333333333333333,0.19634347531791843
176,0.6691026164068425,-0.16544869179657878,0.3333333333333333,0.19566093585174818
177,0.6680371319120929,-0.1659814340439536,0.3333333333333333,0.19512920752341031
178,0.667275839647571,-0.16636208017621457,0.3333333333333333,0.1947489381619664
179,0.6668189715102755,-0.16659051424486232,0.3333333333333333,0.19452059106705746
180,0.6666666666666667,-0.16666666666666669,0.3333333333333333,0.19444444444444445
