time_s,q_rad,v_rad_s
0.0,0.0,0.0
0.002,-7.037827529072545e-05,-0.035189137645362724
0.004,-0.00021113832806963064,-0.0703800263894526
0.006,-0.00042228716186001707,-0.10557441689519323
0.008,-0.0007038352797672559,-0.1407740589536194
0.01,-0.0010557966818617117,-0.17598070104722796
0.012,-0.0014781888616866778,-0.21119608991248306
0.014,-0.0019710328018890666,-0.2464219701011945
0.016,-0.0025343529689700406,-0.2816600835404869
0.018000000000000002,-0.0031681773071521985,-0.316912169091079
0.020000000000000004,-0.003872537231359382,-0.35217996210359154
0.022000000000000006,-0.0046474676193045865,-0.38746519397260243
0.024000000000000007,-0.005493006802680925,-0.4227695916881694
0.02600000000000001,-0.006409196557450003,-0.4580948773845389
0.02800000000000001,-0.007396082093221526,-0.4934427678857617
0.030000000000000013,-0.008453712041717396,-0.5288149742479352
0.032000000000000015,-0.009582138444312984,-0.5642132012977942
0.034000000000000016,-0.010781416738647725,-0.5996391471673702
0.03600000000000002,-0.01205160574429661,-0.6350945028244424
0.03800000000000002,-0.013392767647493614,-0.6705809515985021
0.04000000000000002,-0.014804967984897523,-0.7061001687019546
0.04200000000000002,-0.016288275626390087,-0.7416538207462818
0.044000000000000025,-0.01784276275689587,-0.7772435652528914
0.04600000000000003,-0.019468504857212625,-0.8128710501583775
0.04800000000000003,-0.021165580683840467,-0.8485379133139206
0.05000000000000003,-0.022934072247797577,-0.8842457819785547
0.05200000000000003,-0.024774064792409636,-0.9199962723060298
0.054000000000000034,-0.026685646770059638,-0.9557909888250015
0.056000000000000036,-0.028668909817884197,-0.9916315239122802
0.05800000000000004,-0.03072394873240194,-1.0275194572588713
0.06000000000000004,-0.03285086144305903,-1.0634563553285448
0.06200000000000004,-0.03504974898467637,-1.099443770808668
0.06400000000000004,-0.037320715468782455,-1.135483242053044
0.06600000000000004,-0.03966386805381544,-1.171576292516495
0.06800000000000005,-0.04207931691417731,-1.2077244301809336
0.07000000000000005,-0.04456717520812265,-1.243929146972671
0.07200000000000005,-0.04712755904446407,-1.2801919181707084
0.07400000000000005,-0.0497605874480756,-1.3165142018057638
0.07600000000000005,-0.05246638232417518,-1.3528974380497896
0.07800000000000006,-0.05524506842136666,-1.389343048595738
0.08000000000000006,-0.05809677329342133,-1.4258524360273388
0.08200000000000006,-0.06102162725977863,-1.4624269831786494
0.08400000000000006,-0.06401976336474494,-1.4990680524831521
0.08600000000000006,-0.06709131733536927,-1.5357769853121699
0.08800000000000006,-0.07023642753797403,-1.5725551013023784
0.09000000000000007,-0.07345523493331843,-1.6094036976721988
0.09200000000000007,-0.07674788303037215,-1.6463240485268587
0.09400000000000007,-0.08011451783867599,-1.6833174041519159
0.09600000000000007,-0.08355528781926608,-1.7203849902950448
0.09800000000000007,-0.08707034383413785,-1.7575280074358894
0.10000000000000007,-0.09065983909422545,-1.7947476300437988
0.10200000000000008,-0.09432392910587198,-1.832045005823261
0.10400000000000008,-0.09806277161576571,-1.869421254946865
0.10600000000000008,-0.10187652655431695,-1.906877469275623
0.10800000000000008,-0.10576535597744995,-1.9444147115664971
0.11000000000000008,-0.10972942400678391,-1.9820340146669821
0.11200000000000009,-0.11376889676817711,-2.019736380696602
0.11400000000000009,-0.11788394232860751,-2.0575227802151956
0.11600000000000009,-0.12207473063136323,-2.095394151377864
0.11800000000000009,-0.12634143342951618,-2.133351399076478
0.12000000000000009,-0.13068422421765147,-2.1713953940676425
0.1220000000000001,-0.13510327816182555,-2.209526972087034
0.1240000000000001,-0.1395987720277256,-2.2477469329500335
0.12600000000000008,-0.1441708841070028,-2.286056039638598
0.12800000000000009,-0.14881979414175145,-2.32445501737432
0.1300000000000001,-0.15354568324710674,-2.3629445526776403
0.1320000000000001,-0.15834873383193313,-2.4015252924131976
0.1340000000000001,-0.16322912951757573,-2.4401978428213096
0.1360000000000001,-0.16818705505464693,-2.4789627685355975
0.1380000000000001,-0.1732226962378205,-2.517820591586784
0.1400000000000001,-0.1783362398186059,-2.556771790392712
0.1420000000000001,-0.1835278734160752,-2.5958167987346465
0.1440000000000001,-0.1887977854255151,-2.6349560047199456
0.1460000000000001,-0.1941461649249775,-2.674189749731203
0.1480000000000001,-0.19957320157970146,-2.7135183273619883
0.1500000000000001,-0.20507908554438012,-2.7529419823393266
0.1520000000000001,-0.2106640073632463,-2.79246090943309
0.1540000000000001,-0.2163281578679513,-2.832075252352487
0.1560000000000001,-0.22207172807321102,-2.8717851026298677
0.1580000000000001,-0.2278949090701952,-2.9115904984920817
0.16000000000000011,-0.2337978919176345,-2.951491423719657
0.16200000000000012,-0.23978086753062267,-2.991487806494087
0.16400000000000012,-0.24584402656708976,-3.0315795182335465
0.16600000000000012,-0.2519875593119245,-3.0717663724173865
0.16800000000000012,-0.25821165555872405,-3.1120481233997785
0.17000000000000012,-0.2645165044891499,-3.1524244652129205
0.17200000000000013,-0.27090229454987036,-3.192895030360239
0.17400000000000013,-0.2773692133270705,-3.2334593886000573
0.17600000000000013,-0.28391744741851094,-3.2741170457202364
0.17800000000000013,-0.2905471823031196,-3.31486744230432
0.18000000000000013,-0.29725860220809913,-3.3557099524897582
0.18200000000000013,-0.30405188997353677,-3.3966438827188195
0.18400000000000014,-0.3109272269145024,-3.437668470482831
0.18600000000000014,-0.3178847926806233,-3.4787828830604335
0.18800000000000014,-0.32492476511312446,-3.5199862162505706
0.19000000000000014,-0.3320473200993264,-3.561277493100971
0.19200000000000014,-0.3392526314245923,-3.6026556626329294
0.19400000000000014,-0.34654087062171873,-3.6441195985632224
0.19600000000000015,-0.35391220681776686,-3.6856680980240513
0.19800000000000015,-0.36136680657833076,-3.727299880281934
0.20000000000000015,-0.3689048337492438,-3.769013585456521
0.20200000000000015,-0.37652644929572454,-3.810807773240354
0.20400000000000015,-0.38423181113896576,-3.852680921620621
0.20600000000000016,-0.39202107399017383,-3.8946314256040298
0.20800000000000016,-0.3998943891820657,-3.9366575959459436
0.21000000000000016,-0.4078519044978357,-3.978757657884988
0.21200000000000016,-0.41589376399760447,-4.02092974988438
0.21400000000000016,-0.42402010784236704,-4.063171922381274
0.21600000000000016,-0.432231072115458,-4.1054821365454846
0.21800000000000017,-0.440526788641556,-4.147858263048974
0.22000000000000017,-0.4489073848032511,-4.190298080847558
0.22200000000000017,-0.45737298335520377,-4.232799275976333
0.22400000000000017,-0.4659237022359245,-4.275359440360365
0.22600000000000017,-0.474559654377209,-4.317976070642247
0.22800000000000017,-0.4832809475112653,-4.360646567028182
0.23000000000000018,-0.49208768397557384,-4.403368232154272
0.23200000000000018,-0.5009799605155234,-4.446138269974795
0.23400000000000018,-0.5099578680848719,-4.4889537846742416
0.23600000000000018,-0.5190214916440818,-4.531811779604989
0.23800000000000018,-0.5281709099565869,-4.5747091562524975
0.24000000000000019,-0.5374061953830469,-4.617642713229989
0.2420000000000002,-0.5467274136736561,-4.6606091453045995
0.2440000000000002,-0.5561346237585701,-4.703605042457058
0.2460000000000002,-0.5656278775365241,-4.746626888976977
0.2480000000000002,-0.575207219661716,-4.789671062595903
0.25000000000000017,-0.5848726873290365,-4.8327338336602885
0.25200000000000017,-0.5946243100577298,-4.875811364346636
0.25400000000000017,-0.6044621094735718,-4.918899707921054
0.25600000000000017,-0.6143860990896629,-4.961994808045544
0.2580000000000002,-0.6243962840859296,-5.005092498133353
0.2600000000000002,-0.6344926610874412,-5.048188500755771
0.2620000000000002,-0.6446752179416467,-5.09127842710278
0.2640000000000002,-0.6549439334946467,-5.1343577764999955
0.2660000000000002,-0.6652987773666155,-5.177421935984369
0.2680000000000002,-0.6757397097264978,-5.22046617994114
0.2700000000000002,-0.6862666810661069,-5.263485669804557
0.2720000000000002,-0.6968796319737567,-5.306475453824895
0.2740000000000002,-0.7075784929075654,-5.349430466904326
0.2760000000000002,-0.7183631839685738,-5.39234553050419
0.2780000000000002,-0.7292336146738263,-5.435215352626249
0.2800000000000002,-0.7401896837295673,-5.478034527870484
0.2820000000000002,-0.7512312788047113,-5.52079753757201
0.2840000000000002,-0.7623582763047506,-5.563498750019679
0.2860000000000002,-0.7735705411462684,-5.606132420758923
0.2880000000000002,-0.7848679265322313,-5.64869269298138
0.2900000000000002,-0.7962502737282389,-5.691173598003827
0.2920000000000002,-0.8077174118399167,-5.733569055838918
0.2940000000000002,-0.8192691575916371,-5.775872875860191
0.2960000000000002,-0.8309053151067647,-5.818078757563786
0.2980000000000002,-0.8426256756896232,-5.860180291429242
0.3000000000000002,-0.8544300176093867,-5.9021709598817464
0.3020000000000002,-0.8663181058861029,-5.944044138358091
0.3040000000000002,-0.87828969207906,-5.985793096478588
0.3060000000000002,-0.8903445140777142,-6.027410999327091
0.3080000000000002,-0.9024822958953966,-6.068890908841214
0.3100000000000002,-0.9147027474660261,-6.110225785314753
0.3120000000000002,-0.9270055644440546,-6.15140848901422
0.3140000000000002,-0.9393904280078772,-6.192431781911335
0.3160000000000002,-0.9518570046669436,-6.233288329533166
0.3180000000000002,-0.9644049460728067,-6.273970702931558
0.32000000000000023,-0.9770338888343534,-6.314471380773328
0.32200000000000023,-0.9897434543374586,-6.354782751552611
0.32400000000000023,-1.0025332485693117,-6.394897115926589
0.32600000000000023,-1.0154028619476632,-6.434806689175703
0.32800000000000024,-1.0283518691552418,-6.474503603789324
0.33000000000000024,-1.041379828979597,-6.513979912177654
0.33200000000000024,-1.054486284158618,-6.553227589510531
0.33400000000000024,-1.0676707612319851,-6.592238536683585
0.33600000000000024,-1.0809327703988092,-6.631004583412065
0.33800000000000024,-1.094271805381714,-6.66951749145244
0.34000000000000025,-1.1076873432976173,-6.707768957951707
0.34200000000000025,-1.1211788445354656,-6.745750618924134
0.34400000000000025,-1.1347457526411755,-6.783454052854981
0.34600000000000025,-1.1483874942100365,-6.820870784430496
0.34800000000000025,-1.1621034787868232,-6.857992288393322
0.35000000000000026,-1.1758930987738676,-6.894809993522179
0.35200000000000026,-1.1897557293473366,-6.931315286734493
0.35400000000000026,-1.2036907283819576,-6.96749951731041
0.35600000000000026,-1.2176974363844304,-7.003354001236377
0.35800000000000026,-1.231775176435763,-7.038870025666265
0.36000000000000026,-1.2459232541427585,-7.074038853497732
0.36200000000000027,-1.2601409575988811,-7.1088517280613175
0.36400000000000027,-1.2744275573547201,-7.143299877919468
0.36600000000000027,-1.288782306398265,-7.177374521772481
0.36800000000000027,-1.3032044401452012,-7.211066873468076
0.3700000000000003,-1.3176931764394233,-7.244368147111069
0.3720000000000003,-1.332247715563962,-7.277269562269338
0.3740000000000003,-1.3468672402625061,-7.309762349272077
0.3760000000000003,-1.361550915771698,-7.341837754596002
0.3780000000000003,-1.376297889864368,-7.373487046334991
0.3800000000000003,-1.3911072929038648,-7.404701519748357
0.3820000000000003,-1.4059782379096302,-7.435472502882711
0.3840000000000003,-1.4209098206341544,-7.465791362262129
0.3860000000000003,-1.4359011196514366,-7.495649508641119
0.3880000000000003,-1.4509511964570658,-7.5250384028146176
0.3900000000000003,-1.466059095580024,-7.553949561479054
0.3920000000000003,-1.4812238447063004,-7.582374563138269
0.3940000000000003,-1.4964444548143963,-7.610305054047896
0.3960000000000003,-1.5117199203227794,-7.637732754191569
0.3980000000000003,-1.5270492192493437,-7.664649463282176
0.4000000000000003,-1.542431313382906,-7.691047066781138
0.4020000000000003,-1.5578651484667632,-7.716917541928569
0.4040000000000003,-1.573349654394317,-7.742252963776974
0.4060000000000003,-1.588883745416759,-7.767045511221009
0.4080000000000003,-1.6044663203627905,-7.79128747301568
0.4100000000000003,-1.620096262870341,-7.814971253775247
0.4120000000000003,-1.635772441630231,-7.838089379944971
0.4140000000000003,-1.6514937106417065,-7.860634505737753
0.4160000000000003,-1.6672589094797619,-7.882599419027649
0.4180000000000003,-1.6830668635741461,-7.903977047192144
0.4200000000000003,-1.6989163844999362,-7.924760462895062
0.4220000000000003,-1.7148062702795401,-7.94494288980193
0.4240000000000003,-1.7307353056959793,-7.964517708219606
0.4260000000000003,-1.7467022626172832,-7.983478460651989
0.4280000000000003,-1.7627059003318106,-8.001818857263647
0.4300000000000003,-1.778744965894297,-8.019532781243237
0.43200000000000033,-1.7948181944824144,-8.03661429405866
0.43400000000000033,-1.8109243097636063,-8.053057640595954
0.43600000000000033,-1.8270620242719544,-8.068857254174034
0.43800000000000033,-1.8432300397948094,-8.084007761427507
0.44000000000000034,-1.8594270477689092,-8.09850398704991
0.44200000000000034,-1.875651729685689,-8.112340958389881
0.44400000000000034,-1.8919027575054748,-8.125513909892945
0.44600000000000034,-1.9081787940802384,-8.13801828738177
0.44800000000000034,-1.9244784935845742,-8.149849752167981
0.45000000000000034,-1.9408005019545518,-8.161004184988807
0.45200000000000035,-1.957143457334076,-8.171477689762133
0.45400000000000035,-1.9735059905283834,-8.181266597153723
0.45600000000000035,-1.9898867254642847,-8.1903674679507
0.45800000000000035,-2.006284279656756,-8.198777096235654
0.46000000000000035,-2.022697264681468,-8.206492512356016
0.46200000000000035,-2.0391242866528354,-8.213510985683735
0.46400000000000036,-2.0555639467071565,-8.219830027160523
0.46600000000000036,-2.072014841490405,-8.22544739162438
0.46800000000000036,-2.088475563650232,-8.230361079913393
0.47000000000000036,-2.1049447023317187,-8.234569340743223
0.47200000000000036,-2.121420843676429,-8.23807067235503
0.47400000000000037,-2.137902571324291,-8.240863823931026
0.47600000000000037,-2.1543884669178412,-8.242947796775155
0.47800000000000037,-2.1708771106083553,-8.244321845256932
0.48000000000000037,-2.187367081563389,-8.24498547751673
0.4820000000000004,-2.2038569584752516,-8.244938455931333
0.4840000000000004,-2.2203453200699297,-8.24418079733894
0.4860000000000004,-2.236830745615976,-8.242712773023218
0.4880000000000004,-2.253311815432889,-8.24053490845644
0.4900000000000004,-2.269787111398493,-8.237647982802144
0.4920000000000004,-2.2862552174548494,-8.23405302817821
0.4940000000000004,-2.3027147201122125,-8.229751328681571
0.4960000000000004,-2.319164208950565,-8.224744419176329
0.4980000000000004,-2.3356022771182596,-8.219034083847305
0.5000000000000003,-2.352027521827303,-8.212622354521562
0.5020000000000003,-2.368438544844824,-8.20551150876078
0.5040000000000003,-2.3848339529802796,-8.19770406772777
0.5060000000000003,-2.4012123585679412,-8.189202793830766
0.5080000000000003,-2.4175723799442403,-8.180010688149553
0.5100000000000003,-2.433912641919536,-8.170130987647763
0.5120000000000003,-2.4502317762438883,-8.159567162176115
0.5140000000000003,-2.4665284220664314,-8.148322911271611
0.5160000000000003,-2.4828012263879478,-8.136402160758092
0.5180000000000003,-2.4990488445062553,-8.123809059153805
0.5200000000000004,-2.515269940454039,-8.110547973891974
0.5220000000000004,-2.53146318742876,-8.096623487360583
0.5240000000000004,-2.547627268214296,-8.08204039276789
0.5260000000000004,-2.5637608755939767,-8.066803689840393
0.5280000000000004,-2.579862712754697,-8.050918580360198
0.5300000000000004,-2.5959314936817948,-8.03439046354897
0.5320000000000004,-2.6119659435444063,-8.01722493130578
0.5340000000000004,-2.627964799071019,-7.999427763306402
0.5360000000000004,-2.6439268089149626,-7.9810049219716905
0.5380000000000004,-2.6598507340095883,-7.9619625473128455
0.5400000000000004,-2.6757353479129113,-7.942306951661475
0.5420000000000004,-2.6915794371414963,-7.922044614292448
0.5440000000000004,-2.7073818014933915,-7.9011821759476115
0.5460000000000004,-2.7231412543599287,-7.879726433268512
0.5480000000000004,-2.7388566230262215,-7.857684333146272
0.5500000000000004,-2.754526748960215,-7.835062966996819
0.5520000000000004,-2.770150488090154,-7.811869564969653
0.5540000000000004,-2.785726711070351,-7.788111490098319
0.5560000000000004,-2.8012543035351523,-7.763796232400731
0.5580000000000004,-2.816732166341027,-7.738931402937419
0.5600000000000004,-2.8321592157966986,-7.713524727835742
0.5620000000000004,-2.8475343838812748,-7.687584042287977
0.5640000000000004,-2.862856618450337,-7.66111728453115
0.5660000000000004,-2.8781248834299697,-7.634132489816318
0.5680000000000004,-2.8933381589987195,-7.606637784374918
0.5700000000000004,-2.908495441757499,-7.578641379389624
0.5720000000000004,-2.9235957448874528,-7.550151564977048
0.5740000000000004,-2.9386380982958316,-7.521176704189406
0.5760000000000004,-2.953621548749916,-7.491725227042128
0.5780000000000004,-2.968545159999064,-7.461805624574197
0.5800000000000004,-2.9834080128849596,-7.431426442947799
0.5820000000000004,-2.998209205440147,-7.40059627759367
0.5840000000000004,-3.0129478529749636,-7.369323767408299
0.5860000000000004,-3.0276230881529815,-7.337617589008956
0.5880000000000004,-3.042234061055086,-7.3054864510522455
0.5900000000000004,-3.0567799392323294,-7.2729390886216825
0.5920000000000004,-3.0712599077477085,-7.239984257689545
0.5940000000000004,-3.0856731692070247,-7.206630729658005
0.5960000000000004,-3.100018943778993,-7.172887285984296
0.5980000000000004,-3.114296469204782,-7.1387627128944455
0.6000000000000004,-3.1285050007971615,-7.104265796189812
0.6020000000000004,-3.1426438114294624,-7.069405316150449
0.6040000000000004,-3.1567121915145404,-7.034190042539051
0.6060000000000004,-3.1707094489739585,-6.998628729708975
0.6080000000000004,-3.1846349091975976,-6.96273011181959
0.6100000000000004,-3.1984879149939216,-6.926502898161948
0.6120000000000004,-3.2122678265311166,-6.889955768597529
0.6140000000000004,-3.2259740212693417,-6.853097369112551
0.6160000000000004,-3.2396058938843217,-6.81593630749009
0.6180000000000004,-3.253162856182526,-6.778481149102039
0.6200000000000004,-3.266644337008171,-6.74074041282266
0.6220000000000004,-3.2800497821423016,-6.702722567065272
0.6240000000000004,-3.2933786541941883,-6.664436025943384
0.6260000000000004,-3.306630432485303,-6.625889145557361
0.6280000000000004,-3.319804612926118,-6.587090220407471
0.6300000000000004,-3.332900707885986,-6.548047479933983
0.6320000000000005,-3.3459182460563555,-6.508769085184746
0.6340000000000005,-3.3588567723075764,-6.469263125610498
0.6360000000000005,-3.3717158475395523,-6.4295376159879405
0.6380000000000005,-3.3844950485264933,-6.389600493470458
0.6400000000000005,-3.3971939677560257,-6.349459614766138
0.6420000000000005,-3.409812213262911,-6.309122753442609
0.6440000000000005,-3.422349408457627,-6.268597597358028
0.6460000000000005,-3.4348051919500615,-6.2278917462173915
0.6480000000000005,-3.447179217368568,-6.187012709253206
0.6500000000000005,-3.4594711531746265,-6.1459679030293755
0.6520000000000005,-3.4716806824733606,-6.104764649367071
0.6540000000000005,-3.483807502820143,-6.0634101733911745
0.6560000000000005,-3.4958513260235344,-6.021911601695801
0.6580000000000005,-3.507811877944789,-5.980275960627255
0.6600000000000005,-3.5196888982941545,-5.938510174682699
0.6620000000000005,-3.5314821404242,-5.896621065022697
0.6640000000000005,-3.543191371120391,-5.854615348095688
0.6660000000000005,-3.554816370389136,-5.812499634372396
0.6680000000000005,-3.566356931243512,-5.770280427188063
0.6700000000000005,-3.5778128594868925,-5.727964121690338
0.6720000000000005,-3.5891839734946736,-5.685557003890593
0.6740000000000005,-3.600470103994306,-5.643065249816366
0.6760000000000005,-3.6116710938438312,-5.600494924762582
0.6780000000000005,-3.6227867978091095,-5.557851982639162
0.6800000000000005,-3.6338170823399345,-5.515142265412572
0.6820000000000005,-3.644761825345212,-5.472371502638854
0.6840000000000005,-3.655620915967383,-5.429545311085628
0.6860000000000005,-3.6663942543562644,-5.386669194440545
0.6880000000000005,-3.6770817514424716,-5.3437485431036365
0.6900000000000005,-3.6876833287105937,-5.3007886340610195
0.6920000000000005,-3.6981989179722685,-5.257794630837375
0.6940000000000005,-3.708628461139318,-5.21477158352463
0.6960000000000005,-3.7189719099970864,-5.171724428884286
0.6980000000000005,-3.729229225978128,-5.1286579905208
0.7000000000000005,-3.739400379936375,-5.085576979123494
0.7020000000000005,-3.749485351921924,-5.04248599277441
0.7040000000000005,-3.7594841309565634,-4.999389517319611
0.7060000000000005,-3.769396714810166,-4.956291926801395
0.7080000000000005,-3.779223109778064,-4.913197483948945
0.7100000000000005,-3.788963330459514,-4.870110340724944
0.7120000000000005,-3.798617399537365,-4.827034538925722
0.7140000000000005,-3.8081853475590304,-4.7839740108325355
0.7160000000000005,-3.8176672127188533,-4.740932579911594
0.7180000000000005,-3.8270630406419746,-4.697913961560514
0.7200000000000005,-3.8363728841697724,-4.6549217638988845
0.7220000000000005,-3.845596803146974,-4.611959488600705
0.7240000000000005,-3.854734864210507,-4.5690305317664555
0.7260000000000005,-3.8637871405801723,-4.5261381848326385
0.7280000000000005,-3.8727537118512054,-4.483285635516658
0.7300000000000005,-3.8816346637887955,-4.440475968794948
0.7320000000000005,-3.8904300881246203,-4.3977121679123075
0.7340000000000005,-3.899140082355461,-4.354997115420457
0.7360000000000005,-3.907764749543949,-4.312333594243869
0.7380000000000005,-3.916304198121491,-4.269724288770973
0.7400000000000005,-3.924758541693429,-4.227171785968901
0.7420000000000005,-3.933127898846469,-4.184678576519959
0.7440000000000005,-3.9414123929584255,-4.142247055978103
0.7460000000000006,-3.949612152010313,-4.099879525943704
0.7480000000000006,-3.957727308400823,-4.057578195254967
0.7500000000000006,-3.9657579987632117,-4.01534518119441
0.7520000000000006,-3.973704363784629,-3.9731825107088565
0.7540000000000006,-3.9815665480279123,-3.93109212164146
0.7560000000000006,-3.989344699755861,-3.889075863974298
0.7580000000000006,-3.997038970758021,-3.847135501080163
0.7600000000000006,-4.0046495161799855,-3.8052727109821967
0.7620000000000006,-4.012176494355225,-3.763489087620079
0.7640000000000006,-4.019620066639469,-3.7217861421215233
0.7660000000000006,-4.026980397247624,-3.6801653040778826
0.7680000000000006,-4.0342576530932694,-3.6386279228227183
0.7700000000000006,-4.041452003630694,-3.5971752687122294
0.7720000000000006,-4.048563620699507,-3.555808534406481
0.7740000000000006,-4.0555926783718075,-3.514528836150431
0.7760000000000006,-4.062539352801915,-3.473337215053777
0.7780000000000006,-4.069403822078653,-3.43223463836871
0.7800000000000006,-4.076186266080182,-3.3912220007646945
0.7820000000000006,-4.08288686633138,-3.3503001255994316
0.7840000000000006,-4.089505805863751,-3.3094697661852175
0.7860000000000006,-4.0960432690778505,-3.2687316070499373
0.7880000000000006,-4.102499441608234,-3.2280862651919784
0.7900000000000006,-4.1088745101908914,-3.18753429132839
0.7920000000000006,-4.115168662533163,-3.147076171135643
0.7940000000000006,-4.121382087186128,-3.106712326482393
0.7960000000000006,-4.127514973419435,-3.0664431166536756
0.7980000000000006,-4.133567511098567,-3.026268839566005
0.8000000000000006,-4.139539890564513,-2.9861897329728744
0.8020000000000006,-4.145432302515833,-2.9462059756601917
0.8040000000000006,-4.151244937893096,-2.9063176886312236
0.8060000000000006,-4.156977987765657,-2.8665249362806366
0.8080000000000006,-4.162631643220772,-2.8268277275572693
0.8100000000000006,-4.168206095255003,-2.787226017115288
0.8120000000000006,-4.173701534667909,-2.7477197064534145
0.8140000000000006,-4.179118151957994,-2.7083086450419347
0.8160000000000006,-4.184456137220868,-2.6689926314372285
0.8180000000000006,-4.189715680049636,-2.6297714143835833
0.8200000000000006,-4.19489696943744,-2.5906446939020835
0.8220000000000006,-4.200000193682173,-2.5516121223663837
0.8240000000000006,-4.205025540293303,-2.512673305565203
0.8260000000000006,-4.209973195900806,-2.4738278037513997
0.8280000000000006,-4.214843346166162,-2.4350751326775018
0.8300000000000006,-4.219636175695396,-2.396414764617593
0.8320000000000006,-4.224351867954147,-2.3578461293754756
0.8340000000000006,-4.2289906051847055,-2.3193686152790454
0.8360000000000006,-4.2335525683250275,-2.2809815701608334
0.8380000000000006,-4.238037936929677,-2.2426843023246907
0.8400000000000006,-4.242446889092674,-2.2044760814986044
0.8420000000000006,-4.246779601372221,-2.16635613977365
0.8440000000000006,-4.25103624871728,-2.1283236725291026
0.8460000000000006,-4.255217004395967,-2.0903778393437418
0.8480000000000006,-4.259322039925754,-2.0525177648934
0.8500000000000006,-4.263351525005424,-2.0147425398348187
0.8520000000000006,-4.267305627448776,-1.9770512216758853
0.8540000000000006,-4.2711845131200405,-1.9394428356323434
0.8560000000000006,-4.274988345870983,-1.9019163754710717
0.8580000000000007,-4.278717287479663,-1.8644708043400446
0.8600000000000007,-4.282371497590833,-1.8271050555850954
0.8620000000000007,-4.285951133657941,-1.7898180335536127
0.8640000000000007,-4.289456350886711,-1.7526086143853121
0.8660000000000007,-4.292887302180292,-1.7154756467902321
0.8680000000000007,-4.29624413808592,-1.678417952814112
0.8700000000000007,-4.299527006743103,-1.6414343285913198
0.8720000000000007,-4.302736053833274,-1.6045235450855029
0.8740000000000007,-4.3058714225309105,-1.5676843488181453
0.8760000000000007,-4.308933253456081,-1.5309154625852168
0.8780000000000007,-4.3119216846284045,-1.4942155861621103
0.8800000000000007,-4.314836851422399,-1.45758339699707
0.8820000000000007,-4.3176788865241855,-1.4210175508933147
0.8840000000000007,-4.320447919889546,-1.3845166826800703
0.8860000000000007,-4.323144078703291,-1.3480794068727282
0.8880000000000007,-4.325767487339935,-1.3117043183223516
0.8900000000000007,-4.328318267325645,-1.2753899928547576
0.8920000000000007,-4.330796537301444,-1.2391349878994062
0.8940000000000007,-4.33320241298766,-1.2029378431083293
0.8960000000000007,-4.3355360071495905,-1.166797080965341
0.8980000000000007,-4.337797429564362,-1.130711207385771
0.9000000000000007,-4.339986786988976,-1.0946787123069657
0.9020000000000007,-4.342104183129515,-1.0586980702698057
0.9040000000000007,-4.344149718611498,-1.0227677409914935
0.9060000000000007,-4.346123490951358,-0.9868861699298632
0.9080000000000007,-4.348025594529037,-0.9510517888394695
0.9100000000000007,-4.349856120561677,-0.9152630163197155
0.9120000000000007,-4.351615157078387,-0.8795182583552802
0.9140000000000007,-4.353302788896086,-0.8438159088491082
0.9160000000000007,-4.354919097596382,-0.8081543501482277
0.9180000000000007,-4.356464161503507,-0.772531953562662
0.9200000000000007,-4.357938055663263,-0.736947079877704
0.9220000000000007,-4.359340851822983,-0.701398079859822
0.9240000000000007,-4.360672618412496,-0.6658832947564688
0.9260000000000007,-4.361933420526077,-0.6304010567900653
0.9280000000000007,-4.36312331990537,-0.5949496896464334
0.9300000000000007,-4.364242374923285,-0.5595275089579496
0.9320000000000007,-4.3652906405688485,-0.5241328227816979
0.9340000000000007,-4.3662681684329945,-0.4887639320728955
0.9360000000000007,-4.367175006695303,-0.45341913115386895
0.9380000000000007,-4.368011200111661,-0.4180967081788586
0.9400000000000007,-4.36877679000285,-0.3827949455949288
0.9420000000000007,-4.369471814244049,-0.3475121205992632
0.9440000000000007,-4.370096307255235,-0.3122465055931234
0.9460000000000007,-4.3706502999925005,-0.276996368632752
0.9480000000000007,-4.371133819940256,-0.24175997387749873
0.9500000000000007,-4.371546891104327,-0.20653558203545078
0.9520000000000007,-4.37188953400594,-0.17132145080684805
0.9540000000000007,-4.372161765676592,-0.13611583532556423
0.9560000000000007,-4.37236359965379,-0.1009169885989348
0.9580000000000007,-4.372495045977682,-0.06572316194621355
0.9600000000000007,-4.372556111188554,-0.03053260543593915
0.9620000000000007,-4.372546798325199,0.004656431677506519
0.9640000000000007,-4.372467106924163,0.03984570051786644
0.9660000000000007,-4.37231703301986,0.07503695215122119
0.9680000000000007,-4.37209656914556,0.11023193715016433
0.9700000000000008,-4.3718057043352445,0.14543240515765854
0.9720000000000008,-4.371444424126344,0.180640104450291
0.9740000000000008,-4.371012710563343,0.21585678150064547
0.9760000000000008,-4.370510542202266,0.25108418053851045
0.9780000000000008,-4.3699378941160445,0.28632404311064086
0.9800000000000008,-4.369294737900767,0.3215781076387927
0.9820000000000008,-4.368581041682815,0.35684810897574853
0.9840000000000008,-4.367796770126897,0.3921357779590544
0.9860000000000008,-4.366941884444972,0.42744284096218554
0.9880000000000008,-4.366016342406087,0.46277101944286225
0.9900000000000008,-4.36502009834711,0.49812202948823525
0.9920000000000008,-4.363953103184397,0.5334975813566608
0.9940000000000008,-4.362815304426366,0.5688993790157871
0.9960000000000008,-4.361606646187012,0.6043291196766728
0.9980000000000008,-4.360327069200365,0.63978849332366
1.0000000000000007,-4.358976510835886,0.6752791822397244
1.0020000000000007,-4.3575549051148315,0.7108028605270265
1.0040000000000007,-4.3560621827275865,0.7463611936223864
1.0060000000000007,-4.3544982710519715,0.7819558378074094
1.0080000000000007,-4.3528630941725455,0.8175884397129868
1.0100000000000007,-4.351156572900909,0.8532606358179
1.0120000000000007,-4.349378624797027,0.8889740519412551
1.0140000000000007,-4.34752916419157,0.9247303027284786
1.0160000000000007,-4.345608102209309,0.9605309911306033
1.0180000000000007,-4.343615346793555,0.9963777078765792
1.0200000000000007,-4.341550802731679,1.0322720309383404
1.0220000000000007,-4.339414371681703,1.0682155249883651
1.0240000000000007,-4.337205952200004,1.1042097408494667
1.0260000000000007,-4.334925439770131,1.1402562149365536
1.0280000000000007,-4.33257272683275,1.1763564686901011
1.0300000000000007,-4.330147702816748,1.2125120080010785
1.0320000000000007,-4.327650254171494,1.248724322627077
1.0340000000000007,-4.325080264400295,1.2849948855993902
1.0360000000000007,-4.322437614095054,1.3213251526207965
1.0380000000000007,-4.319722180972146,1.3577165614538
1.0400000000000007,-4.316933839909548,1.3941705312990884
1.0420000000000007,-4.31407246298522,1.430688462163969
1.0440000000000007,-4.31113791951678,1.467271734220551
1.0460000000000007,-4.308130076102473,1.503921707153441
1.0480000000000007,-4.305048796663479,1.5406397194967283
1.0500000000000007,-4.30189394248756,1.5774270879600385
1.0520000000000007,-4.298665372274073,1.6142851067434387
1.0540000000000007,-4.2953629421803905,1.6512150468409832
1.0560000000000007,-4.291986505869725,1.6882181553326956
1.0580000000000007,-4.288535914560396,1.725295654664787
1.0600000000000007,-4.28501101707656,1.7624487419179171
1.0620000000000007,-4.281411659900433,1.7996785880633102
1.0640000000000007,-4.27773768722602,1.8369863372065498
1.0660000000000007,-4.273988941014382,1.8743731058188775
1.0680000000000007,-4.270165261050471,1.9118399819558303
1.0700000000000007,-4.266266485001545,1.9493880244630628
1.0720000000000007,-4.262292448477206,1.9870182621692063
1.0740000000000007,-4.258242985091075,2.024731693065625
1.0760000000000007,-4.2541179265241285,2.062529283472941
1.0780000000000007,-4.24991710258974,2.1004119671942134
1.0800000000000007,-4.245640341300431,2.1383806446546547
1.0820000000000007,-4.241287468936376,2.1764361820278
1.0840000000000007,-4.23685831011568,2.214579410348033
1.0860000000000007,-4.23235268786646,2.252811124609401
1.0880000000000007,-4.227770423700759,2.2911320828506634
1.0900000000000007,-4.223111337690306,2.3295430052265176
1.0920000000000007,-4.218375248544176,2.3680445730649806
1.0940000000000007,-4.213561973688354,2.406637427910902
1.0960000000000008,-4.208671329347243,2.445322170555611
1.0980000000000008,-4.2037031306271375,2.4840993600527077
1.1000000000000008,-4.198657191601697,2.5229695127200378
1.1020000000000008,-4.193533325399441,2.561933101127888
1.1040000000000008,-4.188331344293294,2.6009905530734825
1.1060000000000008,-4.18305105979221,2.6401422505418553
1.1080000000000008,-4.1776922827349035,2.679388528653213
1.1100000000000008,-4.1722548233857095,2.718729674596911
1.1120000000000008,-4.166738491532605,2.75816592655219
1.1140000000000008,-4.161143096587414,2.7976974725958508
1.1160000000000008,-4.15546844768822,2.8373244495970504
1.1180000000000008,-4.149714353804021,2.8770469420994473
1.1200000000000008,-4.143880623841639,2.9168649811909315
1.1220000000000008,-4.137967066754917,2.956778543361212
1.1240000000000008,-4.131973491656222,2.996787549347554
1.1260000000000008,-4.125899707930284,3.0368918629689903
1.1280000000000008,-4.119745525350385,3.0770912899493568
1.1300000000000008,-4.113510754196926,3.117385576729532
1.1320000000000008,-4.107195205378387,3.1577744092692943
1.1340000000000008,-4.100798690554709,3.1982574118392324
1.1360000000000008,-4.094321022263102,3.238834145803193
1.1380000000000008,-4.0877620140463184,3.279504108391762
1.1400000000000008,-4.081121480583384,3.3202667314673304
1.1420000000000008,-4.0743992378228215,3.361121380281314
1.1440000000000008,-4.067595103118373,3.4020673522241434
1.1460000000000008,-4.060708895367236,3.443103875568675
1.1480000000000008,-4.053740435150821,3.4842301082077056
1.1500000000000008,-4.046689544878048,3.525445136386319
1.1520000000000008,-4.039556048931188,3.566747973429835
1.1540000000000008,-4.032339773814252,3.608137558468158
1.1560000000000008,-4.025040548303937,3.649612755157384
1.1580000000000008,-4.017658203603138,3.6911723503995466
1.1600000000000008,-4.010192573497015,3.732815053061445
1.1620000000000008,-4.002643494511628,3.7745394926935236
1.1640000000000008,-3.9950108060751286,3.8163442182498324
1.1660000000000008,-3.987294350681508,3.8582276968101326
1.1680000000000008,-3.9794939740568975,3.900188312305264
1.1700000000000008,-3.971609525328404,3.942224364246936
1.1720000000000008,-3.9636408571954775,3.984334066463151
1.1740000000000008,-3.9555878261037964,4.0265155458405175
1.1760000000000008,-3.947450292421647,4.068766841074761
1.1780000000000008,-3.939228120618785,4.111085901430787
1.1800000000000008,-3.9309211794477577,4.153470585513701
1.1820000000000008,-3.9225293421276533,4.195918660052247
1.1840000000000008,-3.914052486530261,4.238427798696159
1.1860000000000008,-3.905490495368603,4.28099558082899
1.1880000000000008,-3.896843256387807,4.323619490398031
1.1900000000000008,-3.8881106625582813,4.366296914762961
1.1920000000000008,-3.8792926122711515,4.409025143564946
1.1940000000000008,-3.8703890095359155,4.451801367617959
1.1960000000000008,-3.861399764180267,4.494622677824099
1.1980000000000008,-3.8523247920520376,4.5374860641147965
1.2000000000000008,-3.843164015223198,4.580388414419799
1.2020000000000008,-3.833917362195866,4.6233265136659
1.2040000000000008,-3.8245847681102516,4.666297042807405
1.2060000000000008,-3.815166174954471,4.709296577890407
1.2080000000000009,-3.805661531776165,4.752321589152948
1.2100000000000009,-3.7960707948958388,4.795368440163222
1.2120000000000009,-3.786393928121843,4.838433386998007
1.2140000000000009,-3.776630902966916,4.881512577463549
1.2160000000000009,-3.7667816988661933,4.924602050361169
1.2180000000000009,-3.7568463033965935,4.967697734799909
1.2200000000000009,-3.7468247124974763,5.010795449558557
1.2220000000000009,-3.7367169306924772,5.053890902499427
1.2240000000000009,-3.7265229713124044,5.096979690036319
1.2260000000000009,-3.716242856719086,5.140057296659093
1.2280000000000009,-3.7058766185300516,5.183119094517336
1.2300000000000009,-3.6954242978439202,5.2261603430656
1.2320000000000009,-3.684885945466375,5.26917618877276
1.2340000000000009,-3.674261622136579,5.312161664897988
1.2360000000000009,-3.6635513987539072,5.355111691335928
1.2380000000000009,-3.65275535660484,5.39802107453361
1.2400000000000009,-3.6418735875898767,5.440884507481683
1.2420000000000009,-3.630906194450312,5.483696569782533
1.2440000000000009,-3.619853290994716,5.526451727797866
1.2460000000000009,-3.6087150023249595,5.569144334878305
1.2480000000000009,-3.597491465061604,5.611768631677575
1.2500000000000009,-3.5861828275684964,5.6543187465538
1.252000000000001,-3.5747892501763756,5.6967886960604455
1.254000000000001,-3.563310905405317,5.739172385529386
1.256000000000001,-3.5517479781858197,5.781463609748572
1.258000000000001,-3.540100666078346,5.8236560537367215
1.260000000000001,-3.5283691794911114,5.865743293617412
1.262000000000001,-3.5165537418959216,5.907718797594918
1.264000000000001,-3.5046545900418535,5.949575927034066
1.266000000000001,-3.492671974166561,5.991307937646331
1.268000000000001,-3.480606158204992,6.032907980784325
1.270000000000001,-3.4684574199952984,6.074369104846743
1.272000000000001,-3.456226051481707,6.115684256795783
1.274000000000001,-3.443912358914129,6.156846283788922
1.276000000000001,-3.4315166630442753,6.197847934926875
1.278000000000001,-3.4190392993180363,6.238681863119432
1.280000000000001,-3.406480618063895,6.279340627070785
1.282000000000001,-3.3938409846771234,6.319816693385812
1.284000000000001,-3.381120779799526,6.360102438798679
1.286000000000001,-3.368320399494476,6.40019015252498
1.288000000000001,-3.355440255416999,6.4400720387385055
1.290000000000001,-3.3424807749786516,6.479740219173569
1.292000000000001,-3.3294424015069444,6.519186735853667
1.294000000000001,-3.31632559439905,6.558403553947116
1.296000000000001,-3.30313082926955,6.597382564750088
1.298000000000001,-3.2898585980919552,6.636115588797341
1.300000000000001,-3.276509409333754,6.674594379100729
1.302000000000001,-3.263083788084723,6.712810624515394
1.304000000000001,-3.2495822761782565,6.750755953233342
1.306000000000001,-3.236005432305449,6.788421936403915
1.308000000000001,-3.222353832121688,6.825800091880443
1.310000000000001,-3.2086280683455035,6.862881888092159
1.312000000000001,-3.194828750849423,6.899658748040236
1.314000000000001,-3.18095650674259,6.936122053416572
1.316000000000001,-3.167011980444902,6.972263148843735
1.318000000000001,-3.1529958337524335,7.008073346234221
1.320000000000001,-3.1389087458939,7.043543929266959
1.322000000000001,-3.1247514135779424,7.078666157978748
1.324000000000001,-3.1105245510310064,7.11343127346806
1.326000000000001,-3.0962288900255897,7.147830502708391
1.328000000000001,-3.0818651798986534,7.181855063468117
1.330000000000001,-3.067434187559986,7.215496169333514
1.332000000000001,-3.0529366974903236,7.2487450348314
1.334000000000001,-3.0383735117290285,7.281592880647554
1.336000000000001,-3.023745449851155,7.314030938936851
1.338000000000001,-3.0090533489337132,7.346050458720783
1.340000000000001,-2.9942980635109775,7.377642711367785
1.342000000000001,-2.9794804655186744,7.4087989961515355
1.344000000000001,-2.96460144422691,7.439510645882167
1.346000000000001,-2.9496619061616998,7.46976903260507
1.348000000000001,-2.934662775014976,7.499565573361738
1.350000000000001,-2.9196049915429625,7.52889173600687
1.352000000000001,-2.904489513452811,7.557739045075731
1.354000000000001,-2.88931731527742,7.586099087695534
1.356000000000001,-2.874089388238351,7.613963519534413
1.358000000000001,-2.8588067400967883,7.641324070781344
1.360000000000001,-2.843470394992488,7.668172552150187
1.362000000000001,-2.8280813932706863,7.694500860900821
1.364000000000001,-2.8126407912969458,7.720300986870198
1.366000000000001,-2.797149661259934,7.745565018505946
1.368000000000001,-2.781609090962144,7.770285148895046
1.370000000000001,-2.766020183598584,7.794453681779922
1.372000000000001,-2.7503840575234757,7.818063037554207
1.374000000000001,-2.734701846005015,7.841105759230298
1.376000000000001,-2.7189746969682735,7.863574518370756
1.378000000000001,-2.7032037727263227,7.8854621209755
1.380000000000001,-2.6873902496996895,7.906761513316702
1.382000000000001,-2.671535318124263,7.927465787713224
1.384000000000001,-2.65564018174779,7.947568188236429
1.386000000000001,-2.6397060575151117,7.967062116339176
1.388000000000001,-2.623734175242312,7.985941136399814
1.390000000000001,-2.607725777279966,8.00419898117301
1.392000000000001,-2.5916821181656875,8.021829557139315
1.394000000000001,-2.575604464266197,8.038826949745378
1.396000000000001,-2.559494093409143,8.055185428526869
1.398000000000001,-2.5433522945049307,8.070899452106206
1.400000000000001,-2.527180367158816,8.085963673057329
1.402000000000001,-2.5109796212735565,8.10037294262991
1.404000000000001,-2.4947513766429052,8.114122315325515
1.406000000000001,-2.4784969625362683,8.127207053318408
1.408000000000001,-2.4622177172748403,8.13962263071392
1.410000000000001,-2.4459149877995654,8.151364737637458
1.412000000000001,-2.4295901292312703,8.162429284147498
1.414000000000001,-2.413244504423338,8.17281240396612
1.416000000000001,-2.396879483507296,8.182510458020932
1.418000000000001,-2.3804964434317113,8.19152003779249
1.420000000000001,-2.364096767494788,8.199837968461603
1.422000000000001,-2.3476818448710857,8.207461311851253
1.424000000000001,-2.331253070132769,8.214387369158144
1.426000000000001,-2.3148118427658306,8.220613683469256
1.428000000000001,-2.2983595666817123,8.22613804205911
1.430000000000001,-2.2818976497247845,8.230958478463828
1.432000000000001,-2.2654275031761277,8.235073274328407
1.434000000000001,-2.2489505412540796,8.238480961024065
1.436000000000001,-2.2324681806120137,8.241180321032829
1.438000000000001,-2.2159818398338196,8.243170389097003
1.440000000000001,-2.1994929389275564,8.244450453131504
1.442000000000001,-2.183002898817761,8.245020054897504
1.444000000000001,-2.166513140836889,8.24487899043618
1.446000000000001,-2.1500250862163655,8.244027310261849
1.448000000000001,-2.1335401555777374,8.242465319314132
1.450000000000001,-2.117059768424399,8.240193576669233
1.452000000000001,-2.1005853426343775,8.237212895010845
1.454000000000001,-2.084118293954654,8.233524339861585
1.456000000000001,-2.0676600354975014,8.22912922857631
1.458000000000001,-2.051211977239303,8.224029129099053
1.460000000000001,-2.0347755255223317,8.21822585848572
1.462000000000001,-2.0183520825599413,8.211721481195118
1.464000000000001,-2.0019430459456387,8.204518307151245
1.466000000000001,-1.9855498081664782,8.196618889580177
1.468000000000001,-1.9691737561212277,8.188026022625257
1.470000000000001,-1.9528162706437384,8.178742738744663
1.472000000000001,-1.936478726031947,8.16877230589577
1.474000000000001,-1.9201624895829248,8.15811822451108
1.476000000000001,-1.903868921134383,8.146784224270833
1.478000000000001,-1.8875993726130278,8.134774260677677
1.480000000000001,-1.8713551875901495,8.122092511439153
1.482000000000001,-1.8551377008448215,8.108743372663973
1.484000000000001,-1.8389482379350648,8.09473145487837
1.486000000000001,-1.8227881147773266,8.080061578869046
1.488000000000001,-1.8066586372346076,8.064738771359478
1.490000000000001,-1.7905611007135545,8.04876826052658
1.492000000000001,-1.7744967897708246,8.032155471364886
1.494000000000001,-1.7584669777290134,8.014906020905633
1.496000000000001,-1.7424729263024168,7.99702571329829
1.498000000000001,-1.7265158852328923,7.9785205347621915
1.500000000000001,-1.71059709193606,7.9593966484161065
1.5020000000000011,-1.6947177711580728,7.93966038899365
1.5040000000000011,-1.6788791346431677,7.919318257452553
1.5060000000000011,-1.663082380812196,7.898376915485876
1.5080000000000011,-1.6473286944523093,7.87684317994329
1.5100000000000011,-1.6316192464179682,7.854724017170606
1.5120000000000011,-1.6159551933434166,7.832026537275749
1.5140000000000011,-1.600337677366758,7.808757988329332
1.5160000000000011,-1.5847678258657418,7.784925750508032
1.5180000000000011,-1.569246751205364,7.760537330188881
1.5200000000000011,-1.553775550497359,7.735600354002552
1.5220000000000011,-1.5383553053716517,7.710122562853661
1.5240000000000011,-1.5229870817598197,7.68411180591599
1.5260000000000011,-1.5076719296905987,7.657576034610484
1.5280000000000011,-1.4924108830974512,7.630523296573712
1.5300000000000011,-1.4772049596382024,7.602961729624383
1.5320000000000011,-1.4620551605267318,7.5748995557353584
1.5340000000000011,-1.4469624703766948,7.546345075018455
1.5360000000000011,-1.4319278570572365,7.517306659729145
1.5380000000000011,-1.4169522715606402,7.487792748298117
1.5400000000000011,-1.4020366478818473,7.457811839396438
1.5420000000000011,-1.3871819029097656,7.427372486040893
1.5440000000000011,-1.372388936330274,7.39648328974584
1.5460000000000012,-1.3576586305408185,7.365152894727732
1.5480000000000012,-1.342991850576482,7.333389982168225
1.5500000000000012,-1.328389444047399,7.301203264541558
1.5520000000000012,-1.3138522410873756,7.268601480011657
1.5540000000000012,-1.2993810543135673,7.235593386904203
1.5560000000000012,-1.28497667879705,7.202187758258605
1.5580000000000012,-1.2706398920441206,7.168393376464644
1.5600000000000012,-1.256371453988144,7.134219027988243
1.5620000000000012,-1.2421721069917628,7.099673498190587
1.5640000000000012,-1.2280425758592737,7.064765566244596
1.5660000000000012,-1.2139835678589688,7.02950400015244
1.5680000000000012,-1.1999957727552335,6.993897551867585
1.5700000000000012,-1.1860798628501843,6.957954952524573
1.5720000000000012,-1.1722364930346252,6.9216849077795075
1.5740000000000012,-1.1584663008480973,6.8850960932639484
1.5760000000000012,-1.1447699065477879,6.848197150154687
1.5780000000000012,-1.1311479131860647,6.810996680861619
1.5800000000000012,-1.1176009066963932,6.773503244835691
1.5820000000000012,-1.104129455987396,6.735725354498667
1.5840000000000012,-1.0907341130448036,6.697671471296214
1.5860000000000012,-1.0774154130410525,6.659350001875587
1.5880000000000012,-1.0641738744522746,6.620769294388972
1.5900000000000012,-1.051009999182428,6.581937634923318
1.5920000000000012,-1.0379242726943134,6.542863244057281
1.5940000000000012,-1.0249171641472221,6.503554273545691
1.5960000000000012,-1.0119891265409586,6.464018803131775
1.5980000000000012,-0.9991405968659843,6.424264837487132
1.6000000000000012,-0.9863719962594257,6.38430030327932
1.6020000000000012,-0.9736837301666923,6.344133046366692
1.6040000000000012,-0.9610761885084523,6.303770829119965
1.6060000000000012,-0.9485497458527127,6.263221327869843
1.6080000000000012,-0.9361047615917529,6.222492130479847
1.6100000000000012,-0.9237415801236663,6.181590734043351
1.6120000000000012,-0.9114605310382589,6.140524542703692
1.6140000000000012,-0.8992619293070667,6.099300865596074
1.6160000000000012,-0.887146075477247,6.057926914909863
1.6180000000000012,-0.8751132558691075,6.016409804069735
1.6200000000000012,-0.8631637427770393,5.974756546034058
1.6220000000000012,-0.8512977946736219,5.93297405170873
1.6240000000000012,-0.8395156564166726,5.891069128474646
1.6260000000000012,-0.8278175594590189,5.84904847882684
1.6280000000000012,-0.8162037220607723,5.806918699123284
1.6300000000000012,-0.8046743495038898,5.764686278441226
1.6320000000000012,-0.793229634308812,5.722357597538896
1.6340000000000012,-0.7818697564529713,5.6799389279203405
1.6360000000000012,-0.7705948835909692,5.637436431001065
1.6380000000000012,-0.7594051712762249,5.594856157372155
1.6400000000000012,-0.7483007631839039,5.552204046160453
1.6420000000000012,-0.7372817913349392,5.509485924482355
1.6440000000000012,-0.7263483763209617,5.466707506988763
1.6460000000000012,-0.7155006275299644,5.423874395498669
1.6480000000000012,-0.7047386433725267,5.380992078718854
1.6500000000000012,-0.6940625115084323,5.338065932047156
1.6520000000000012,-0.6834723090735189,5.295101217456743
1.6540000000000012,-0.6729681029066013,5.252103083458821
1.6560000000000012,-0.6625499497763189,5.209076565141215
1.6580000000000013,-0.6522178966077584,5.166026584280239
1.6600000000000013,-0.6419719807087119,5.122957949523299
1.6620000000000013,-0.6318122299954325,5.079875356639668
1.6640000000000013,-0.6217386632177587,5.0367833888368905
1.6660000000000013,-0.6117512901834782,4.9936865171402784
1.6680000000000013,-0.6018501119818122,4.950589100833005
1.6700000000000013,-0.5920351212059035,4.9074953879543
1.6720000000000013,-0.582306302174197,4.864409515853288
1.6740000000000013,-0.5726636311506049,4.821335511796042
1.6760000000000013,-0.563107076563358,4.778277293623442
1.6780000000000013,-0.553636599222443,4.735238670457484
1.6800000000000013,-0.5442521525355356,4.6922233434536995
1.6820000000000013,-0.5349536827223408,4.649234906597394
1.6840000000000013,-0.5257411290272579,4.6062768475414515
1.6860000000000013,-0.5166144239302909,4.563352548483489
1.6880000000000013,-0.5075734933561304,4.520465287080197
1.6900000000000013,-0.498618256881337,4.477618237396736
1.6920000000000013,-0.48974862793955876,4.43481447088911
1.6940000000000013,-0.4809645140247238,4.392056957417483
1.6960000000000013,-0.47226581689214686,4.349348566288454
1.6980000000000013,-0.4636524327574982,4.306692067324354
1.7000000000000013,-0.45512425249358285,4.264090131957669
1.7020000000000013,-0.4466811618248853,4.221545334348764
1.7040000000000013,-0.43832304151983514,4.179060152525101
1.7060000000000013,-0.4300497675807547,4.1366369695402305
1.7080000000000013,-0.421861211431453,4.094278074650854
1.7100000000000013,-0.41375724010243237,4.051985664510324
1.7120000000000013,-0.40573771641367834,4.009761844377005
1.7140000000000013,-0.3978024991550065,3.9676086293359356
1.7160000000000013,-0.3899514432639418,3.925527945532336
1.7180000000000013,-0.3821844000011108,3.8835216314154994
1.7200000000000013,-0.37450121712312745,3.8415914389916943
1.7220000000000013,-0.366901739052958,3.799739035084742
1.7240000000000013,-0.359385807047752,3.7579660026029758
1.7260000000000013,-0.35195325936412936,3.716273841811349
1.7280000000000013,-0.3446039314209144,3.674663971607497
1.7300000000000013,-0.33733765595931314,3.6331377308006174
1.7320000000000013,-0.33015426320052904,3.5916963793920615
1.7340000000000013,-0.3230535810008158,3.5503410998565945
1.7360000000000013,-0.3160354350039692,3.5090729984233198
1.7380000000000013,-0.30909964879125856,3.4678931063553025
1.7400000000000013,-0.3022460440288046,3.426802381226978
1.7420000000000013,-0.2954744406124077,3.385801708198473
1.7440000000000013,-0.28878465680983567,3.344891901286007
1.7460000000000013,-0.28217650940058053,3.304073704627582
1.7480000000000013,-0.2756498138130941,3.26334779374321
1.7500000000000013,-0.26920438425951615,3.222714776788974
1.7520000000000013,-0.26284003386790766,3.182175195804242
1.7540000000000013,-0.25655657481200483,3.141729527951404
1.7560000000000013,-0.2503538184385098,3.1013781867475316
1.7580000000000013,-0.244231575391935,3.061121523287401
1.7600000000000013,-0.2381896557370203,3.0209598274573475
1.7620000000000013,-0.23222786907874138,2.980893329139461
1.7640000000000013,-0.22634602467993006,2.940922199405659
1.7660000000000013,-0.22054393157652766,2.9010465517012083
1.7680000000000013,-0.21482139869049308,2.861266443017296
1.7700000000000014,-0.2091782349403885,2.821581875052284
1.7720000000000014,-0.2036142493496659,2.781992795361305
1.7740000000000014,-0.19812925115267813,2.742499098493887
1.7760000000000014,-0.19272304989843947,2.7031006271193263
1.7780000000000014,-0.18739545555216036,2.6637971731395473
1.7800000000000014,-0.18214627859458193,2.6245884787892186
1.7820000000000014,-0.1769753301191361,2.585474237722915
1.7840000000000014,-0.17188242192695782,2.546454096089145
1.7860000000000014,-0.16686736661977566,2.5075276535910747
1.7880000000000014,-0.16192997769070802,2.4686944645338182
1.7900000000000014,-0.1570700696129917,2.4299540388581673
1.7920000000000014,-0.15228745792667037,2.3913058431606666
1.7940000000000014,-0.14758195932327045,2.3527493016999546
1.7960000000000014,-0.14295339172849184,2.314283797389309
1.7980000000000014,-0.13840157438294112,2.275908672775358
1.8000000000000014,-0.13392632792093526,2.237623231002929
1.8020000000000014,-0.1295274744474032,2.19942673676603
1.8040000000000014,-0.12520483761291326,2.161318417244968
1.8060000000000014,-0.120958242686854,2.123297463029632
1.8080000000000014,-0.11678751662879605,2.0853630290289726
1.8100000000000014,-0.11269248815806257,2.0475142353667373
1.8120000000000014,-0.10867298782153553,2.009750168263517
1.8140000000000014,-0.10472884805972515,1.9720698809051898
1.8160000000000014,-0.10085990327112947,1.9344723942978472
1.8180000000000014,-0.09706598987491086,1.8969566981093036
1.8200000000000014,-0.09334694637191625,1.859521751497304
1.8220000000000014,-0.08970261340406716,1.8221664839245497
1.8240000000000014,-0.0861328338121458,1.7848897959606773
1.8260000000000014,-0.08263745269200314,1.7476905600713297
1.8280000000000014,-0.07921631744921419,1.7105676213944736
1.8300000000000014,-0.07586927785220594,1.6735197985041201
1.8320000000000014,-0.07259618608388271,1.6365458841616185
1.8340000000000014,-0.06939689679177333,1.5996446460546954
1.8360000000000014,-0.06627126713672447,1.5628148275244247
1.8380000000000014,-0.06321915684016384,1.5260551482803169
1.8400000000000014,-0.0602404282299564,1.4893643051037209
1.8420000000000014,-0.05733494628487691,1.4527409725397449
1.8440000000000014,-0.05450257867772111,1.4161838035778993
1.8460000000000014,-0.05174319581707776,1.3796914303216776
1.8480000000000014,-0.04905667088778317,1.3432624646472926
1.8500000000000014,-0.046442879890079586,1.3068954988517902
1.8520000000000014,-0.043901701677498045,1.2705891062907697
1.8540000000000014,-0.041433017993486164,1.23434184200594
1.8560000000000014,-0.039036713506800665,1.1981522433427503
1.8580000000000014,-0.036712675845684,1.1620188305583314
1.8600000000000014,-0.03446079563084402,1.1259401074199935
1.8620000000000014,-0.03228096650725497,1.0899145617945238
1.8640000000000014,-0.030173085174797897,1.0539406662285355
1.8660000000000014,-0.02813705141775766,1.0180168785201176
1.8680000000000014,-0.026172768133193577,0.9821416422820426
1.8700000000000014,-0.024280141358200003,0.9463133874967873
1.8720000000000014,-0.02245908029607275,0.9105305310636261
1.8740000000000014,-0.02070949734139663,0.8747914773380597
1.8760000000000014,-0.019031308104068948,0.8390946186638402
1.8780000000000014,-0.01742443143227323,0.8034383358978596
1.8800000000000014,-0.01588878943441689,0.7678209989281685
1.8820000000000014,-0.01442430750004611,0.7322409671853911
1.8840000000000015,-0.01303091431975049,0.6966965901478099
1.8860000000000015,-0.011708541904069714,0.6611862078403874
1.8880000000000015,-0.010457125601413715,0.625708151328
1.8900000000000015,-0.009276604115007404,0.590260743203156
1.8920000000000015,-0.008166919518870459,0.5548422980684725
1.8940000000000015,-0.007128017272842086,0.5194511230141861
1.8960000000000015,-0.006159846236660138,0.48408551809097394
1.8980000000000015,-0.005262358683103412,0.4487437767783627
1.9000000000000015,-0.004435510310205411,0.4134241864490008
1.9020000000000015,-0.0036792602525472615,0.3781250288290748
1.9040000000000015,-0.002993571091636968,0.34284458045514676
1.9060000000000015,-0.0023784088653815818,0.307581113127693
1.9080000000000015,-0.0018337430766583356,0.272332894361623
1.9100000000000015,-0.0013595467009902163,0.23709818783405964
1.9120000000000015,-0.0009557961933308962,0.20187525382966004
1.9140000000000015,-0.0006224714939633784,0.16666234968375887
1.9160000000000015,-0.00035955603351614973,0.13145773022361434
1.9180000000000015,-0.0001670367371000721,0.09625964820803881
1.9200000000000015,-4.4904027568682704e-05,0.0610663547656947
1.9220000000000015,6.848172095993387e-06,0.025876099832338045
1.9240000000000015,-1.1777562729424686e-05,-0.009312867412709036
1.9260000000000015,-0.00010078215895057465,-0.04450229811057498
1.9280000000000015,-0.00026017004552470016,-0.07969394328706275
1.9300000000000015,-0.0004899491523582984,-0.11488955341679914
1.9320000000000015,-0.0007901309083323538,-0.15009087798702767
1.9340000000000015,-0.00116073023845388,-0.18529966506076306
1.9360000000000015,-0.0016017655601319315,-0.2205176608390258
1.9380000000000015,-0.0021132587785756807,-0.25574660922187464
1.9400000000000015,-0.002695235281311593,-0.2909882513679563
1.9420000000000015,-0.003347723931816173,-0.3262443252522901
1.9440000000000015,-0.004070757062260187,-0.3615165652220068
1.9460000000000015,-0.00486437046535971,-0.3968067015497615
1.9480000000000015,-0.005728603385328786,-0.43211645998453824
1.9500000000000015,-0.006663498507927921,-0.46744756129956766
1.9520000000000015,-0.007669101949602075,-0.5028017208370771
1.9540000000000015,-0.008745463245701263,-0.5381806480495938
1.9560000000000015,-0.009892635337776307,-0.5735860460375218
1.9580000000000015,-0.011110674559941738,-0.6090196110827153
1.9600000000000015,-0.012399640624297275,-0.6444830321777684
1.9620000000000015,-0.013759596605398768,-0.6799779905507465
1.9640000000000015,-0.01519060892376893,-0.7155061591850811
1.9660000000000015,-0.016692747328437636,-0.751069202334353
1.9680000000000015,-0.018266084878501013,-0.7866687750316893
1.9700000000000015,-0.019910697923688013,-0.8223065225934992
1.9720000000000015,-0.02162666608392257,-0.8579840801172774
1.9740000000000015,-0.023414072227868975,-0.8937030719732025
1.9760000000000015,-0.025273002450447495,-0.9294651112892596
1.9780000000000015,-0.027203546049306734,-0.9652717994296194
1.9800000000000015,-0.029205795500238742,-1.0011247254660047
1.9820000000000015,-0.031279846431522304,-1.0370254656417803
1.9840000000000015,-0.0334257975971793,-1.072975582828499
1.9860000000000015,-0.03564375084912859,-1.1089766259746452
1.9880000000000015,-0.037933811108221215,-1.145030129546313
1.9900000000000015,-0.040296086334140335,-1.1811376129595619
1.9920000000000015,-0.042730687494148725,-1.2173005800041934
1.9940000000000015,-0.04523772853066612,-1.2535205182586973
1.9960000000000016,-0.04781732632765835,-1.2897988984961148
1.9980000000000016,-0.0504696006758195,-1.3261371740805732
2.0000000000000013,-0.05319467423652799,-1.3625367803542452
